paper_id,spec_no,T_C,stress_MPa,t_rupture_h,theta_from_001_deg,theta_from_011_deg,Gamma_prime_size,L,G,SFE,Misfit,Schmid1_110,MultislipPropensity_110,y_log10,T_K,Inv_T_K,Log_Stress,cos_001,cos_011,RSS_110,Log_RSS_110,orientation_zone,row_id,split,cv_fold,Pred_Log10_t_rupture_h,Actual_Log10_t_rupture_h,Pred_t_rupture_h,APE_%
1988,CMSX2 1,1050.0,120.0,705.0,1.43,43.752,0.3,0.36476,56.167,42.244,-0.225,0.416961,0.999484364,2.848189116991399,1323.15,0.7557722102558289,2.0791812460476247,0.9996885600862851,0.7223398232603833,50.035320000000006,1.6992766816523555,near_001,0,trainpool_10fold_cv,0,2.8713817596435547,2.848189116991399,743.672564179286,5.48547009635263
1988,CMSX2 2,1050.0,120.0,468.0,3.858,41.698,0.3,0.36476,56.167,42.244,-0.225,0.430445,0.996273624,2.670245853074124,1323.15,0.7557722102558289,2.0791812460476247,0.9977338685928386,0.7466614027504546,51.653400000000005,1.7130989135156585,near_001,1,trainpool_10fold_cv,5,2.6152610778808594,2.670245853074124,412.3453276624958,11.892024003740218
1988,CMSX2 3,1050.0,120.0,327.0,16.09,29.424,0.3,0.36476,56.167,42.244,-0.225,0.488234,0.973621255,2.514547752660286,1323.15,0.7557722102558289,2.0791812460476247,0.9608275400614866,0.8710081054113121,58.58808,1.767809265901899,interior,2,trainpool_10fold_cv,8,2.5183582305908203,2.514547752660286,329.88170502617567,0.8812553596867482
1988,CMSX2 4,1050.0,120.0,536.0,38.83,6.17,0.3,0.36476,56.167,42.244,-0.225,0.447156,1.0,2.72916478969277,1323.15,0.7557722102558289,2.0791812460476247,0.7790097691280882,0.994207376024082,53.65872,1.7296403085974354,interior,3,trainpool_10fold_cv,0,2.3828697204589844,2.72916478969277,241.47363538284395,54.948948622603744
1988,CMSX2 5,1050.0,120.0,191.0,41.982,20.176,0.3,0.36476,56.167,42.244,-0.225,0.437188,0.851054924,2.2810333672477277,1323.15,0.7557722102558289,2.0791812460476247,0.7433550023809324,0.938637578592876,52.46256,1.7198494789105927,interior,4,trainpool_10fold_cv,0,2.4252090454101562,2.2810333672477277,266.20060943757585,39.37204682595594
1988,CMSX2 6,1050.0,120.0,286.0,47.064,20.343,0.3,0.36476,56.167,42.244,-0.225,0.410947,0.964630475,2.456366033129043,1323.15,0.7557722102558289,2.0791812460476247,0.6811810048375779,0.9376282982244536,49.31364,1.6929670604011342,interior,5,trainpool_10fold_cv,3,2.425996780395508,2.456366033129043,266.6838894069246,6.753884822753633
1988,CMSX2 8,1050.0,120.0,682.0,52.168,32.413,0.3,0.36476,56.167,42.244,-0.225,0.308791,0.971443468,2.833784374656479,1323.15,0.7557722102558289,2.0791812460476247,0.6133482638486748,0.844206328526606,37.054919999999996,1.5688458799804386,near_111,7,trainpool_10fold_cv,1,2.790964126586914,2.833784374656479,617.9653531117746,9.38924441176326
1988,CMSX2 9,1050.0,120.0,1055.0,1.635,43.605,0.45,0.36476,56.167,42.244,-0.225,0.417954,0.999298966,3.0232524596337114,1323.15,0.7557722102558289,2.0791812460476247,0.9995928721775056,0.7241116780219804,50.15448,1.7003097320200495,near_001,8,trainpool_10fold_cv,3,2.4670639038085938,3.0232524596337114,293.13245402105736,72.21493326814623
1988,CMSX2 10,1050.0,120.0,347.0,11.943,33.163,0.45,0.36476,56.167,42.244,-0.225,0.474645,0.991416743,2.5403294747908736,1323.15,0.7557722102558289,2.0791812460476247,0.9783539550452257,0.8371177398613151,56.9574,1.7555501563411469,interior,9,trainpool_10fold_cv,1,2.6523818969726562,2.5403294747908736,449.14016786435997,29.435206877337166
1988,CMSX2 11,1050.0,120.0,505.0,14.94,31.252,0.45,0.36476,56.167,42.244,-0.225,0.482413,0.964387361,2.7032913781186614,1323.15,0.7557722102558289,2.0791812460476247,0.9661963312817148,0.8548937615492558,57.889559999999996,1.762600248646122,interior,10,trainpool_10fold_cv,7,2.473714828491211,2.7032913781186614,297.6561283202363,41.0581924118344
1988,CMSX2 12,1050.0,120.0,152.0,35.359,13.165,0.45,0.36476,56.167,42.244,-0.225,0.482572,0.866975291,2.1818435879447726,1323.15,0.7557722102558289,2.0791812460476247,0.8155421119090891,0.9737182128245837,57.90864,1.7627433655303173,interior,11,trainpool_10fold_cv,8,2.383787155151367,2.1818435879447726,241.9842807146106,59.20018468066487
1988,CMSX2 13,1050.0,120.0,205.0,37.077,19.08,0.45,0.36476,56.167,42.244,-0.225,0.464937,0.757487574,2.311753861055754,1323.15,0.7557722102558289,2.0791812460476247,0.7978260077619372,0.9450630751798048,55.79244,1.746575355053742,interior,12,trainpool_10fold_cv,2,2.3738155364990234,2.311753861055754,236.49150032578962,15.361707475994935
1988,CMSX2 14,1050.0,120.0,258.0,47.965,22.904,0.45,0.36476,56.167,42.244,-0.225,0.394915,0.965541952,2.41161970596323,1323.15,0.7557722102558289,2.0791812460476247,0.669584442826296,0.9211582373443571,47.3898,1.6756848758426874,interior,13,trainpool_10fold_cv,4,2.41400146484375,2.41161970596323,259.4188112112176,0.5499268260533284
1988,CMSX2 15,1050.0,120.0,382.0,45.578,26.865,0.45,0.36476,56.167,42.244,-0.225,0.382192,0.878809604,2.582063362911709,1323.15,0.7557722102558289,2.0791812460476247,0.6999376267441046,0.8920737398345527,45.86304,1.6614628382584624,interior,14,trainpool_10fold_cv,6,2.5803489685058594,2.582063362911709,380.4950125537554,0.3939757712682269
1988,CMSX2 16,1050.0,120.0,522.0,52.185,29.974,0.45,0.36476,56.167,42.244,-0.225,0.329552,0.998953124,2.717670503002262,1323.15,0.7557722102558289,2.0791812460476247,0.6131138947451263,0.8662522074128411,39.546240000000004,1.5971051976976993,near_111,15,trainpool_10fold_cv,9,2.7609329223632812,2.717670503002262,576.6773875569827,10.474595317429634
1988,CMSX2 18,1050.0,120.0,381.0,44.195,1.771,0.45,0.36476,56.167,42.244,-0.225,0.421213,0.972583942,2.5809249756756194,1323.15,0.7557722102558289,2.0791812460476247,0.7169714440529864,0.9995223307504634,50.54556,1.7036830125048998,near_011,17,trainpool_10fold_cv,8,2.4326133728027344,2.5809249756756194,270.7779979051877,28.92965934247042
1988,Alloy454 1,980.0,200.0,239.0,2.508,42.765,0.5,0.3648,57.456,30.992,-0.07,0.423609,0.998531665,2.3783979009481375,1253.15,0.7979890675497745,2.3010299956639813,0.99904212142798,0.7341447746532619,84.7218,1.9279951742212775,near_001,18,trainpool_10fold_cv,7,2.492219924926758,2.3783979009481375,310.6132122373291,29.963687128589577
1988,Alloy454 2,980.0,200.0,210.0,17.008,32.215,0.5,0.3648,57.456,30.992,-0.07,0.472104,0.930667819,2.322219294733919,1253.15,0.7979890675497745,2.3010299956639813,0.9562639238502447,0.8460536304477271,94.4208,1.975067675761765,interior,19,trainpool_10fold_cv,1,2.270559310913086,2.322219294733919,186.4486790889284,11.214914719557905
1988,Alloy454 3,980.0,200.0,248.0,22.836,23.232,0.5,0.3648,57.456,30.992,-0.07,0.49939,0.945457458,2.3944516808262164,1253.15,0.7979890675497745,2.3010299956639813,0.9216194864121249,0.9189151772462566,99.878,1.999469837267013,interior,20,trainpool_10fold_cv,6,2.5125675201416016,2.3944516808262164,325.51238725877903,31.2549948624109
1988,Alloy454 4,980.0,200.0,193.0,21.954,23.079,0.5,0.3648,57.456,30.992,-0.07,0.494884,0.990482618,2.285557309007774,1253.15,0.7979890675497745,2.3010299956639813,0.9274843091657523,0.9199652345995314,98.9768,1.9955334086102394,interior,21,trainpool_10fold_cv,1,2.271921157836914,2.285557309007774,187.03425660775073,3.0910587524607593
1988,Alloy454 5,980.0,200.0,340.0,36.872,12.898,0.5,0.3648,57.456,30.992,-0.07,0.477458,0.842595579,2.531478917042255,1253.15,0.7979890675497745,2.3010299956639813,0.7999779836602156,0.9747689864965214,95.4916,1.9799651701795973,interior,22,trainpool_10fold_cv,9,2.2168750762939453,2.531478917042255,164.76883699732582,51.538577353727696
1988,Alloy454 6,980.0,200.0,256.0,28.083,24.772,0.5,0.3648,57.456,30.992,-0.07,0.478181,0.83172899,2.4082399653118496,1253.15,0.7979890675497745,2.3010299956639813,0.8822665792252837,0.9079823530840221,95.6362,1.980622311569442,interior,23,trainpool_10fold_cv,5,2.3810195922851562,2.4082399653118496,240.44712702411678,6.075341006204383
1988,Alloy454 7,980.0,200.0,232.0,36.939,28.542,0.5,0.3648,57.456,30.992,-0.07,0.41152,0.939422142,2.3654879848909,1253.15,0.7979890675497745,2.3010299956639813,0.7992757801791989,0.8784671009395607,82.304,1.9154209425720905,interior,24,trainpool_10fold_cv,8,2.428682327270508,2.3654879848909,268.3380919024488,15.662970647607247
1988,Alloy454 8,980.0,200.0,269.0,43.528,25.911,0.5,0.3648,57.456,30.992,-0.07,0.398483,0.844312053,2.429752280002408,1253.15,0.7979890675497745,2.3010299956639813,0.7250378909032279,0.8994739024541851,79.69659999999999,1.9014397940092207,interior,25,trainpool_10fold_cv,3,2.4224472045898438,2.429752280002408,264.5131117368568,1.6679882019119754
1988,Alloy454 9,980.0,200.0,195.0,46.402,15.364,0.5,0.3648,57.456,30.992,-0.07,0.428149,0.983741641,2.290034611362518,1253.15,0.7979890675497745,2.3010299956639813,0.6895942649488699,0.9642620677478955,85.6298,1.9326249296693612,interior,26,trainpool_10fold_cv,2,2.3345890045166016,2.290034611362518,216.0672798708727,10.80373326711421
1988,MXON 1,850.0,500.0,296.0,1.204,43.803,0.2,0.36314,62.087,28.574,-0.513,0.416613,0.999906388,2.4712917110589387,1123.15,0.8903530249744023,2.6989700043360187,0.9997792189817206,0.7217239865771677,208.3065,2.318702821892483,near_001,27,trainpool_10fold_cv,5,2.359163284301758,2.4712917110589387,228.64582952332097,22.754787323202375
1988,MXON 2,850.0,500.0,293.0,0.571,44.601,0.2,0.36314,62.087,28.574,-0.513,0.411108,0.999902702,2.4668676203541096,1123.15,0.8903530249744023,2.6989700043360187,0.9999503415269171,0.7120137909999216,205.55399999999997,2.312925932398417,near_001,28,trainpool_10fold_cv,4,2.472249984741211,2.4668676203541096,296.6538470756541,1.2470467834996877
1988,MXON 3,850.0,500.0,327.0,3.075,42.08,0.2,0.36314,62.087,28.574,-0.513,0.42813,0.99840469,2.514547752660286,1123.15,0.8903530249744023,2.6989700043360187,0.9985601716053734,0.742209818804988,214.065,2.3305456651952454,near_001,29,trainpool_10fold_cv,7,2.5218467712402344,2.514547752660286,332.5422043021335,1.6948637009582521
1988,MXON 5,850.0,500.0,1396.0,51.082,31.713,0.2,0.36314,62.087,28.574,-0.513,0.319361,0.953704429,3.144885418287142,1123.15,0.8903530249744023,2.6989700043360187,0.6282075189523932,0.8506918617893676,159.6805,2.2032518838312027,near_111,30,trainpool_10fold_cv,5,2.9770030975341797,3.144885418287142,948.425227764195,32.061230102851354
1988,MXON 6,850.0,500.0,900.0,52.529,33.441,0.2,0.36314,62.087,28.574,-0.513,0.29787,0.968395609,2.9542425094393248,1123.15,0.8903530249744023,2.6989700043360187,0.6083597988389532,0.8344537337934343,148.935,2.1729967697513475,near_111,31,trainpool_10fold_cv,7,2.9396629333496094,2.9542425094393248,870.287875902507,3.3013471219436625
1988,MXON 7,850.0,500.0,390.0,1.58,44.473,0.36,0.36314,62.087,28.574,-0.513,0.418559,0.999519781,2.591064607026499,1123.15,0.8903530249744023,2.6989700043360187,0.9996198006309919,0.7135806656569197,209.2795,2.320726689050995,near_001,32,trainpool_10fold_cv,5,2.476675033569336,2.591064607026499,299.6919196468806,23.155918039261387
1988,MXON 8,850.0,500.0,382.0,1.217,43.811,0.36,0.36314,62.087,28.574,-0.513,0.416568,0.999817557,2.582063362911709,1123.15,0.8903530249744023,2.6989700043360187,0.9997744257263085,0.7216273328475322,208.284,2.318655909512809,near_001,33,trainpool_10fold_cv,7,2.5598373413085938,2.582063362911709,362.9420946198177,4.988980466016314
1988,MXON 9,850.0,500.0,459.0,2.37,43.155,0.36,0.36314,62.087,28.574,-0.513,0.420893,0.998389139,2.661812685537261,1123.15,0.8903530249744023,2.6989700043360187,0.9991446191812813,0.7295060445736552,210.44650000000001,2.323141707259966,near_001,34,trainpool_10fold_cv,3,2.5783462524414062,2.661812685537261,378.7444281077288,17.484874050603743
1988,MXON 10,850.0,500.0,369.0,4.449,41.611,0.36,0.36314,62.087,28.574,-0.513,0.430599,0.994424047,2.56702636615906,1123.15,0.8903530249744023,2.6989700043360187,0.996986776637169,0.7476706120354675,215.2995,2.3330430212424695,near_001,35,trainpool_10fold_cv,0,2.435077667236328,2.56702636615906,272.31882670529234,26.20085997146549
1988,MXON 11,850.0,500.0,411.0,5.151,39.991,0.36,0.36314,62.087,28.574,-0.513,0.441099,0.996762632,2.6138418218760693,1123.15,0.8903530249744023,2.6989700043360187,0.9959615444281468,0.7661454025094888,220.54950000000002,2.3435060775418255,near_001,36,trainpool_10fold_cv,3,2.587444305419922,2.6138418218760693,386.7624524517357,5.897213515392767
1988,MXON 13,850.0,500.0,26.0,47.001,17.634,0.36,0.36314,62.087,28.574,-0.513,0.420111,0.983537684,1.414973347970818,1123.15,0.8903530249744023,2.6989700043360187,0.681985595428535,0.9530110700710954,210.0555,2.322334057396881,interior,38,trainpool_10fold_cv,9,1.7536678314208984,1.414973347970818,56.71106869113619,118.11949496590843
1988,MXON 14,850.0,500.0,144.0,49.203,24.168,0.36,0.36314,62.087,28.574,-0.513,0.382196,0.984466085,2.1583624920952498,1123.15,0.8903530249744023,2.6989700043360187,0.6533809669260013,0.9123489181142137,191.09799999999998,2.2812561418247195,interior,39,trainpool_10fold_cv,7,1.9079875946044922,2.1583624920952498,80.90727881058275,43.81438971487309
1988,MXON 16,850.0,500.0,166.0,53.295,33.698,0.36,0.36314,62.087,28.574,-0.513,0.292585,0.983683374,2.220108088040055,1123.15,0.8903530249744023,2.6989700043360187,0.5976951128241161,0.8319734893478138,146.2925,2.1652220616543145,near_111,41,trainpool_10fold_cv,9,2.4247970581054688,2.220108088040055,265.94820174290646,60.209760086088224
1988,Alloy454 10,760.0,758.0,218.0,1.553,43.687,0.5,0.36321,63.407,19.237,-0.208,0.417393,0.999355523,2.3384564936046046,1033.15,0.9679136621013404,2.8796692056320534,0.9996326829718702,0.723123883545551,316.383894,2.500214366971778,near_001,42,trainpool_10fold_cv,0,2.287576675415039,2.3384564936046046,193.89949385242696,11.055278049345432
1988,Alloy454 11,760.0,758.0,363.0,3.585,41.56,0.5,0.36321,63.407,19.237,-0.208,0.431464,0.998057775,2.5599066250361124,1033.15,0.9679136621013404,2.8796692056320534,0.9980431327458196,0.7482614161630711,327.049712,2.5146137710284004,near_001,43,trainpool_10fold_cv,1,2.29718017578125,2.5599066250361124,198.2349272608087,45.389827200879154
1988,Alloy454 12,760.0,758.0,398.0,11.08,36.865,0.5,0.36321,63.407,19.237,-0.208,0.454772,0.96765632,2.5998830720736876,1033.15,0.9679136621013404,2.8796692056320534,0.981359807051079,0.8000512851045471,344.717176,2.537462923257613,interior,44,trainpool_10fold_cv,4,2.372701644897461,2.5998830720736876,235.8857169822218,40.732231914014626
1988,Alloy454 13,760.0,758.0,350.0,18.057,33.885,0.5,0.36321,63.407,19.237,-0.208,0.456412,0.989726388,2.5440680443502757,1033.15,0.9679136621013404,2.8796692056320534,0.9507486239668369,0.8301582739777059,345.96029599999997,2.5390262600137943,interior,45,trainpool_10fold_cv,2,2.4989166259765625,2.5440680443502757,315.43989970247327,9.874314370721923
1988,Alloy454 15,760.0,758.0,377.0,15.665,30.033,0.5,0.36321,63.407,19.237,-0.208,0.486605,0.97045653,2.576341350205793,1033.15,0.9679136621013404,2.8796692056320534,0.9628568672048274,0.8657372808311875,368.84659,2.5668457727448417,interior,46,trainpool_10fold_cv,9,2.4193992614746094,2.576341350205793,262.66321847549546,30.32805875981553
1988,Alloy454 16,760.0,758.0,323.0,26.887,18.324,0.5,0.36321,63.407,19.237,-0.208,0.495281,0.971519198,2.509202522331103,1033.15,0.9679136621013404,2.8796692056320534,0.8919001608285729,0.9492938695004347,375.422998,2.574520873502601,interior,47,trainpool_10fold_cv,6,2.4525527954101562,2.509202522331103,283.4998251725481,12.229156293328753
1988,Alloy454 17,760.0,758.0,25.0,36.925,10.608,0.5,0.36321,63.407,19.237,-0.208,0.475235,0.888425726,1.3979400086720377,1033.15,0.9679136621013404,2.8796692056320534,0.7994225996253805,0.9829096551143689,360.22813,2.556577623605019,interior,48,trainpool_10fold_cv,0,1.283273696899414,1.3979400086720377,19.198782867601764,23.204868529592943
1988,Alloy454 18,760.0,758.0,19.0,37.444,19.919,0.5,0.36321,63.407,19.237,-0.208,0.460089,0.761187509,1.2787536009528289,1033.15,0.9679136621013404,2.8796692056320534,0.7939479551716937,0.9401752011789125,348.74746200000004,2.5425110557270854,interior,49,trainpool_10fold_cv,2,1.2273712158203125,1.2787536009528289,16.879952330103617,11.158145631033596
1988,Alloy454 20,760.0,758.0,71.0,30.789,28.894,0.5,0.36321,63.407,19.237,-0.208,0.439173,0.948284617,1.8512583487190752,1033.15,0.9679136621013404,2.8796692056320534,0.8590581862729213,0.875515131412482,332.893134,2.5223048378221424,interior,50,trainpool_10fold_cv,6,2.0453052520751953,1.8512583487190752,110.99546937643125,56.331647009058095
1988,Alloy454 21,760.0,758.0,36.0,39.423,29.142,0.5,0.36321,63.407,19.237,-0.208,0.394468,0.951980896,1.5563025007672873,1033.15,0.9679136621013404,2.8796692056320534,0.7724787140857208,0.8734154858551716,299.00674399999997,2.4756809838058866,interior,51,trainpool_10fold_cv,3,1.5972728729248047,1.5563025007672873,39.56151121635082,9.89308671208562
1988,Alloy454 22,760.0,758.0,30.0,46.568,21.545,0.5,0.36321,63.407,19.237,-0.208,0.408375,0.943378023,1.4771212547196624,1033.15,0.9679136621013404,2.8796692056320534,0.6874931994709723,0.930129431657114,309.54825,2.4907283531155473,interior,52,trainpool_10fold_cv,7,1.5343151092529297,1.4771212547196624,34.22276611635125,14.075887054504173
1988,CMSX2 20,760.0,750.0,230.0,3.424,41.868,0.23,0.36244,64.959,31.316,-0.375,0.429478,0.997550515,2.361727836017593,1033.15,0.9679136621013404,2.8750612633917,0.998214898153424,0.7446844181881109,322.1085,2.5080021854045684,near_001,54,trainpool_10fold_cv,9,2.1956119537353516,2.361727836017593,156.89602968499744,31.784334919566327
1988,CMSX2 21,760.0,750.0,1203.0,50.821,32.612,0.23,0.36244,64.959,31.316,-0.375,0.312267,0.948089295,3.0802656273398448,1033.15,0.9679136621013404,2.8750612633917,0.6317452282291678,0.8423395386415808,234.20025,2.369587354329694,near_111,55,trainpool_10fold_cv,4,2.996316909790039,3.0802656273398448,991.5552304764252,17.57645631949915
1988,CMSX2 22,760.0,750.0,1012.0,52.396,31.741,0.23,0.36244,64.959,31.316,-0.375,0.3139,0.984415419,3.0051805125037805,1033.15,0.9679136621013404,2.8750612633917,0.61020047466596,0.8504348719942609,235.425,2.3718525790917426,near_111,56,trainpool_10fold_cv,5,2.981292724609375,3.0051805125037805,957.8394599015336,5.35183202554016
1988,CMSX2 23,760.0,750.0,459.0,52.869,32.116,0.3,0.36244,64.959,31.316,-0.375,0.308759,0.991650446,2.661812685537261,1033.15,0.9679136621013404,2.8750612633917,0.6036394338676679,0.8469734938762619,231.56925,2.3646808890711473,near_111,57,trainpool_10fold_cv,4,2.4827423095703125,2.661812685537261,303.9081239145957,33.78907975716869
1988,CMSX2 24,760.0,750.0,518.0,48.632,30.288,0.3,0.36244,64.959,31.316,-0.375,0.341913,0.913282034,2.714329759745233,1033.15,0.9679136621013404,2.8750612633917,0.6608928211510494,0.8635011996880498,256.43475,2.408976876972537,near_111,58,trainpool_10fold_cv,8,2.7688674926757812,2.714329759745233,587.3101313545349,13.380334238327194
1988,CMSX2 25,760.0,750.0,347.0,48.487,28.195,0.3,0.36244,64.959,31.316,-0.375,0.359182,0.930057742,2.5403294747908736,1033.15,0.9679136621013404,2.8750612633917,0.6627899638209579,0.8813446865428339,269.3865,2.43037582775515,interior,59,trainpool_10fold_cv,2,2.5422840118408203,2.5403294747908736,348.5651887071658,0.45106302800167625
1988,CMSX2 26,760.0,750.0,15.0,41.427,19.92,0.3,0.36244,64.959,31.316,-0.375,0.440966,0.840912905,1.1760912590556813,1033.15,0.9679136621013404,2.8750612633917,0.7497993504802006,0.9401692548500502,330.72450000000003,2.519466368547463,interior,60,trainpool_10fold_cv,0,0.8504505157470703,1.1760912590556813,7.086805535814572,52.75462976123618
1988,CMSX2 27,760.0,750.0,50.0,48.361,20.755,0.3,0.36244,64.959,31.316,-0.375,0.402644,0.993686731,1.6989700043360187,1033.15,0.9679136621013404,2.8750612633917,0.6644350688207212,0.9351042883997032,301.983,2.4799824952286738,interior,61,trainpool_10fold_cv,5,1.5557308197021484,1.6989700043360187,35.95264278129337,28.09471443741326
1988,CMSX2 28,760.0,750.0,4.0,40.357,11.106,0.3,0.36244,64.959,31.316,-0.375,0.462962,0.853229855,0.6020599913279624,1033.15,0.9679136621013404,2.8750612633917,0.7620245015550923,0.9812724977585532,347.2215,2.540606608907307,interior,62,trainpool_10fold_cv,5,0.5191421508789062,0.6020599913279624,3.3047769347517675,17.380576631205813
1988,CMSX2 29,760.0,750.0,19.0,29.956,22.14,0.3,0.36244,64.959,31.316,-0.375,0.483392,0.828151893,1.2787536009528289,1033.15,0.9679136621013404,2.8750612633917,0.866409120817531,0.9262657510190667,362.544,2.559360722072755,interior,63,trainpool_10fold_cv,1,1.6429901123046875,1.2787536009528289,43.953160839357636,131.33242547030335
1988,CMSX2 30,760.0,750.0,343.0,11.118,35.836,0.3,0.36244,64.959,31.316,-0.375,0.461945,0.970977064,2.5352941200427703,1033.15,0.9679136621013404,2.8750612633917,0.9812321330088193,0.8106961191690542,346.45875,2.5396515341460617,interior,64,trainpool_10fold_cv,0,2.4445114135742188,2.5352941200427703,278.2988511849676,18.863308692429275
1988,CMSX2 32,760.0,750.0,569.0,2.872,42.532,0.3,0.36244,64.959,31.316,-0.375,0.425103,0.997911094,2.7551122663950713,1033.15,0.9679136621013404,2.8750612633917,0.9987439623008104,0.736899901088385,318.82725,2.503555433234966,near_001,66,trainpool_10fold_cv,2,2.5063037872314453,2.7551122663950713,320.85128815024245,43.61137290856899
1988,CMSX2 33,760.0,750.0,780.0,13.149,31.852,0.3,0.36244,64.959,31.316,-0.375,0.477775,0.999053948,2.8920946026904804,1033.15,0.9679136621013404,2.8750612633917,0.9737817763594336,0.8494140931209154,358.33125,2.5542846845567038,interior,67,trainpool_10fold_cv,8,2.523019790649414,2.8920946026904804,333.44160723580706,57.25107599540935
1988,CMSX2 34,760.0,750.0,3.5,38.379,6.622,0.3,0.36244,64.959,31.316,-0.375,0.450053,0.997882472,0.5440680443502757,1033.15,0.9679136621013404,2.8750612633917,0.783921067233564,0.9933285596750117,337.53974999999997,2.528324924394079,interior,68,trainpool_10fold_cv,4,0.46749305725097656,0.5440680443502757,2.934222596305175,16.165068676994995
1988,CMSX2 35,760.0,750.0,3.0,44.087,4.11,0.3,0.36244,64.959,31.316,-0.375,0.431255,0.966996325,0.47712125471966244,1033.15,0.9679136621013404,2.8750612633917,0.7182841768820345,0.9974282890810118,323.44125,2.5097954067421817,near_011,69,trainpool_10fold_cv,3,0.6130924224853516,0.47712125471966244,4.102914080724709,36.763802690823624
1988,CMSX2 36,760.0,750.0,1138.0,1.988,43.177,0.45,0.36244,64.959,31.316,-0.375,0.420877,0.999156523,3.056142262059052,1033.15,0.9679136621013404,2.8750612633917,0.9993981144334457,0.7292433635003961,315.65775,2.4992164565523836,near_001,70,trainpool_10fold_cv,3,2.7298755645751953,3.056142262059052,536.8779463678999,52.82267606608965
1988,CMSX2 37,760.0,750.0,759.0,5.813,40.111,0.45,0.36244,64.959,31.316,-0.375,0.440021,0.99158222,2.88024177589548,1033.15,0.9679136621013404,2.8750612633917,0.9948577542740802,0.7647977239627628,330.01574999999997,2.5185346670744466,near_001,71,trainpool_10fold_cv,9,2.759471893310547,2.88024177589548,574.7406215529468,24.2765979508634
1988,CMSX2 38,760.0,750.0,664.0,14.188,30.837,0.45,0.36244,64.959,31.316,-0.375,0.481789,0.994835914,2.8221680793680175,1033.15,0.9679136621013404,2.8750612633917,0.9694967056912042,0.8586290549969655,361.34175,2.5579181435417033,interior,72,trainpool_10fold_cv,2,2.811525344848633,2.8221680793680175,647.9259062600361,2.420797249994567
1988,CMSX2 39,760.0,750.0,550.0,13.324,34.054,0.45,0.36244,64.959,31.316,-0.375,0.469364,0.959613434,2.7403626894942437,1033.15,0.9679136621013404,2.8750612633917,0.9730824243945284,0.8285101775355678,352.023,2.5465710397473362,interior,73,trainpool_10fold_cv,1,2.7680206298828125,2.7403626894942437,586.1660079459646,6.575637808357193
1988,CMSX2 40,760.0,750.0,484.0,22.873,29.201,0.45,0.36244,64.959,31.316,-0.375,0.472135,0.895102036,2.6848453616444123,1033.15,0.9679136621013404,2.8750612633917,0.921368673618376,0.8729135623795168,354.10125,2.549127459848041,interior,74,trainpool_10fold_cv,6,2.648019790649414,2.6848453616444123,444.651529623934,8.12984925125331
1988,CMSX2 41,760.0,750.0,30.0,34.882,13.344,0.45,0.36244,64.959,31.316,-0.375,0.48403,0.873354957,1.4771212547196624,1033.15,0.9679136621013404,2.8750612633917,0.8203315803252228,0.9730019203178208,363.02250000000004,2.559933543281335,interior,75,trainpool_10fold_cv,6,1.1943683624267578,1.4771212547196624,15.644740447640409,47.85086517453197
1988,CMSX2 42,760.0,750.0,8.0,36.585,19.141,0.45,0.36244,64.959,31.316,-0.375,0.466967,0.751496358,0.9030899869919435,1033.15,0.9679136621013404,2.8750612633917,0.8029735389844671,0.9447145180233107,350.22525,2.5443474539700315,interior,76,trainpool_10fold_cv,6,1.0204792022705078,0.9030899869919435,10.482845915583777,31.035573944797214
1988,CMSX2 43,760.0,750.0,8.0,38.673,25.935,0.45,0.36244,64.959,31.316,-0.375,0.421864,0.832088066,0.9030899869919435,1033.15,0.9679136621013404,2.8750612633917,0.7807249593342367,0.8992907841054398,316.398,2.5002337295926775,interior,77,trainpool_10fold_cv,7,1.021453857421875,0.9030899869919435,10.506398213828748,31.329977672859343
1988,CMSX2 44,760.0,750.0,23.0,46.866,27.164,0.45,0.36244,64.959,31.316,-0.375,0.374081,0.903691981,1.3617278360175928,1033.15,0.9679136621013404,2.8750612633917,0.6837069403693632,0.8897034008065748,280.56075,2.4480269138387514,interior,78,trainpool_10fold_cv,1,1.1618480682373047,1.3617278360175928,14.516037057890323,36.886795400476856
1988,CMSX2 45,760.0,750.0,33.0,48.67,28.517,0.45,0.36244,64.959,31.316,-0.375,0.355935,0.931116636,1.5185139398778875,1033.15,0.9679136621013404,2.8750612633917,0.6603949384518162,0.8786754981267977,266.95125,2.426431958783856,interior,79,trainpool_10fold_cv,4,1.6285228729248047,1.5185139398778875,42.5131096533122,28.827605010036965
1988,CMSX2 46,760.0,750.0,32.0,50.374,28.274,0.45,0.36244,64.959,31.316,-0.375,0.350272,0.972941029,1.505149978319906,1033.15,0.9679136621013404,2.8750612633917,0.6377735719255114,0.8806923972522377,262.70399999999995,2.4194666855180924,interior,80,trainpool_10fold_cv,5,1.6160945892333984,1.505149978319906,41.31374734339836,29.105460448119878
1988,CMSX2 47,760.0,750.0,28.0,51.3,30.244,0.45,0.36244,64.959,31.316,-0.375,0.331,0.974513595,1.4471580313422192,1033.15,0.9679136621013404,2.8750612633917,0.6252426563357052,0.863888255555303,248.25,2.394889257167419,near_111,81,trainpool_10fold_cv,8,1.7143077850341797,1.4471580313422192,51.79737905664816,84.99063948802915
1988,CMSX2 48,760.0,750.0,36.0,53.108,32.54,0.45,0.36244,64.959,31.316,-0.375,0.304046,0.992609671,1.5563025007672873,1033.15,0.9679136621013404,2.8750612633917,0.6003085624313499,0.8430161344245704,228.03449999999998,2.358000557641444,near_111,82,trainpool_10fold_cv,3,1.956634521484375,1.5563025007672873,90.49707064400349,151.38075178889858
1988,CMSX2 49,760.0,750.0,21.0,45.039,17.963,0.45,0.36244,64.959,31.316,-0.375,0.429625,0.932785569,1.3222192947339193,1033.15,0.9679136621013404,2.8750612633917,0.7066253050959692,0.9512558724437722,322.21875,2.508150808536982,interior,83,trainpool_10fold_cv,2,1.33404541015625,1.3222192947339193,21.579700363195855,2.7604779199802603
1988,CMSX2 50,760.0,750.0,15.0,42.781,8.525,0.45,0.36244,64.959,31.316,-0.375,0.449037,0.920672461,1.1760912590556813,1033.15,0.9679136621013404,2.8750612633917,0.7339551354245869,0.9889512751943923,336.77775,2.52734339110724,interior,84,trainpool_10fold_cv,9,1.1982269287109375,1.1760912590556813,15.784358227525145,5.229054850167631
1988,CMSX2 51,760.0,750.0,9.0,43.78,6.004,0.45,0.36244,64.959,31.316,-0.375,0.438653,0.954387637,0.9542425094393249,1033.15,0.9679136621013404,2.8750612633917,0.7220017876668934,0.9945145954813054,328.98975,2.517182367288015,near_011,85,trainpool_10fold_cv,8,1.0567302703857422,0.9542425094393249,11.395418263522815,26.615758483586838
1988,CMSX2 52,760.0,750.0,44.0,44.093,2.147,0.45,0.36244,64.959,31.316,-0.375,0.423462,0.969140088,1.6434526764861874,1033.15,0.9679136621013404,2.8750612633917,0.7182113141907608,0.9992979985498156,317.5965,2.5018757077378604,near_011,86,trainpool_10fold_cv,4,1.3449249267578125,1.6434526764861874,22.127121815220097,49.711086783590694
mackay,B ,774.0,724.0,26.0,7.0,38.5,0.23,0.36237,65.455,28.681,-0.392,0.449715,0.9911922,1.414973347970818,1047.15,0.9549730220121281,2.859738566197147,0.992546151641322,0.7826081568524139,325.59366,2.512675939663654,interior,88,trainpool_10fold_cv,3,1.5795269012451172,1.414973347970818,37.977546244865486,46.06748555717495
mackay,C,774.0,724.0,21.0,10.0,36.0,0.23,0.36237,65.455,28.681,-0.392,0.462535,0.980572281,1.3222192947339193,1047.15,0.9549730220121281,2.859738566197147,0.984807753012208,0.8090169943749475,334.87534,2.5248831675570607,interior,89,trainpool_10fold_cv,1,1.3237342834472656,1.3222192947339193,21.073384120790973,0.349448194242727
mackay,D,774.0,724.0,37.0,8.0,37.5,0.23,0.36237,65.455,28.681,-0.392,0.455178,0.989371191,1.568201724066995,1047.15,0.9549730220121281,2.859738566197147,0.9902680687415704,0.7933533402912352,329.548872,2.517919829449067,interior,90,trainpool_10fold_cv,4,1.3967456817626953,1.568201724066995,24.93134346391633,32.61799063806397
mackay,E,774.0,724.0,20.0,28.0,17.0,0.3,0.36237,65.455,28.681,-0.392,0.487496,1.0,1.3010299956639813,1047.15,0.9549730220121281,2.859738566197147,0.882947592858927,0.9563047559630354,352.94710399999997,2.5477096227751805,interior,91,trainpool_10fold_cv,0,1.0779075622558594,1.3010299956639813,11.964858372515849,40.175708137420756
mackay,F,774.0,724.0,138.0,45.0,28.0,0.3,0.36237,65.455,28.681,-0.392,0.376596,0.857510436,2.1398790864012365,1047.15,0.9549730220121281,2.859738566197147,0.7071067811865476,0.882947592858927,272.655504,2.435614269060073,interior,92,trainpool_10fold_cv,9,1.430734634399414,2.1398790864012365,26.960915446501108,80.46310474891224
mackay,H,774.0,724.0,1.0,39.0,7.0,0.3,0.36237,65.455,28.681,-0.392,0.45906,0.933989021,0.0,1047.15,0.9549730220121281,2.859738566197147,0.7771459614569709,0.992546151641322,332.35944,2.5216080185447503,interior,93,trainpool_10fold_cv,8,-0.0584869384765625,0.0,0.8740032780791497,12.599672192085032
mackay,I,774.0,724.0,0.5,43.0,6.5,0.3,0.36237,65.455,28.681,-0.392,0.444032,0.931200904,-0.3010299956639812,1047.15,0.9549730220121281,2.859738566197147,0.7313537016191705,0.9935718556765875,321.47916799999996,2.507152835687075,near_011,94,trainpool_10fold_cv,7,-0.09086799621582031,-0.3010299956639812,0.8112075868876619,62.24151737753238
mackay,J,774.0,724.0,14.0,8.0,39.5,0.3,0.36237,65.455,28.681,-0.392,0.441365,0.994294971,1.146128035678238,1047.15,0.9549730220121281,2.859738566197147,0.9902680687415704,0.77162458338772,319.54826,2.5045364570763886,interior,95,trainpool_10fold_cv,9,1.3851261138916016,1.146128035678238,24.273148557762543,73.37963255544673
mackay,K,774.0,724.0,26.0,9.5,36.0,0.3,0.36237,65.455,28.681,-0.392,0.462839,0.986565523,1.414973347970818,1047.15,0.9549730220121281,2.859738566197147,0.9862856015372314,0.8090169943749475,335.095436,2.5251685127845,interior,96,trainpool_10fold_cv,2,1.587026596069336,1.414973347970818,38.639063878128496,48.61178414664806
mackay,L,774.0,724.0,41.0,5.5,40.5,0.3,0.36237,65.455,28.681,-0.392,0.437585,0.992118103,1.6127838567197355,1047.15,0.9549730220121281,2.859738566197147,0.9953961983671789,0.7604059656000309,316.81154,2.5008009925735237,near_001,97,trainpool_10fold_cv,5,1.6502819061279297,1.6127838567197355,44.69736343343971,9.017959593755394
mackay,M,774.0,724.0,53.0,10.5,35.0,0.3,0.36237,65.455,28.681,-0.392,0.467578,0.984659244,1.724275869600789,1047.15,0.9549730220121281,2.859738566197147,0.9832549075639546,0.8191520442889918,338.526472,2.5295926351895752,interior,98,trainpool_10fold_cv,6,1.556131362915039,1.724275869600789,35.985816653896826,32.10223272849655
mackay,N,774.0,724.0,53.0,5.5,41.0,0.3,0.36237,65.455,28.681,-0.392,0.433947,0.991427525,1.724275869600789,1047.15,0.9549730220121281,2.859738566197147,0.9953961983671789,0.754709580222772,314.177628,2.4971752565089473,near_001,99,trainpool_10fold_cv,6,1.6067333221435547,1.724275869600789,40.43275387536285,23.711785140824816
mackay,O,774.0,724.0,59.0,2.0,43.5,0.3,0.36237,65.455,28.681,-0.392,0.418574,0.998824581,1.7708520116421442,1047.15,0.9549730220121281,2.859738566197147,0.9993908270190958,0.7253743710122877,303.047576,2.4815108145495124,near_001,100,trainpool_10fold_cv,5,1.6931571960449219,1.7708520116421442,49.33523441085142,16.38095862567556
mackay,P,774.0,724.0,74.0,4.0,42.0,0.3,0.36237,65.455,28.681,-0.392,0.428166,0.995429343,1.8692317197309762,1047.15,0.9549730220121281,2.859738566197147,0.9975640502598242,0.7431448254773942,309.992184,2.491350743871488,near_001,101,trainpool_10fold_cv,4,1.742666244506836,1.8692317197309762,55.29250227830638,25.280402326613
mackay,Q,774.0,724.0,80.0,5.5,41.0,0.3,0.36237,65.455,28.681,-0.392,0.433947,0.991427525,1.9030899869919435,1047.15,0.9549730220121281,2.859738566197147,0.9953961983671789,0.754709580222772,314.177628,2.4971752565089473,near_001,102,trainpool_10fold_cv,3,1.8456573486328125,1.9030899869919435,70.09020797308041,12.387240033649487
mackay,S,774.0,724.0,90.0,4.0,41.5,0.45,0.36237,65.455,28.681,-0.392,0.431743,0.996189863,1.954242509439325,1047.15,0.9549730220121281,2.859738566197147,0.9975640502598242,0.7489557207890021,312.581932,2.4949638711256577,near_001,104,trainpool_10fold_cv,2,2.0480880737304688,1.954242509439325,111.70897675537526,24.12108528375029
mackay,T,774.0,724.0,98.0,5.0,40.0,0.45,0.36237,65.455,28.681,-0.392,0.440593,1.0,1.9912260756924949,1047.15,0.9549730220121281,2.859738566197147,0.9961946980917455,0.766044443118978,318.989332,2.5037761591355387,near_001,105,trainpool_10fold_cv,1,1.980234146118164,1.9912260756924949,95.55076008446848,2.499224403603593
mackay,U,774.0,724.0,109.0,1.5,43.5,0.45,0.36237,65.455,28.681,-0.392,0.418652,1.0,2.037426497940624,1047.15,0.9549730220121281,2.859738566197147,0.9996573249755573,0.7253743710122877,303.10404800000003,2.481591736474265,near_001,106,trainpool_10fold_cv,0,2.0981884002685547,2.037426497940624,125.36849151002909,15.016964688100082
mackay,V,774.0,724.0,141.0,2.0,43.0,0.45,0.36237,65.455,28.681,-0.392,0.42199,1.0,2.1492191126553797,1047.15,0.9549730220121281,2.859738566197147,0.9993908270190958,0.7313537016191705,305.52076,2.48504072569845,near_001,107,trainpool_10fold_cv,8,2.2062339782714844,2.1492191126553797,160.78072337095352,14.028881823371295
1988,CMSX-4 01,760.0,750.0,1900.0,0.0,45.0,0.34,0.36289,64.865,23.096,-0.776,0.408248,1.0,3.278753600952829,1033.15,0.9679136621013404,2.8750612633917,1.0,0.7071067811865476,306.186,2.485985329204346,near_001,108,trainpool_10fold_cv,7,2.8447322845458984,3.278753600952829,699.4107200132636,63.18890947298613
1988,CMSX-4 02,760.0,750.0,1050.0,0.0,45.0,0.22,0.36289,64.865,23.096,-0.776,0.408248,1.0,3.0211892990699383,1033.15,0.9679136621013404,2.8750612633917,1.0,0.7071067811865476,306.186,2.485985329204346,near_001,109,trainpool_10fold_cv,4,3.2681922912597656,3.0211892990699383,1854.3524877417383,76.6049988325465
1988,CMSX-4 04,760.0,750.0,1000.0,54.74,35.26,0.34,0.36289,64.865,23.096,-0.776,0.272239,1.0,3.0,1033.15,0.9679136621013404,2.8750612633917,0.5772877120855479,0.8165408118857462,204.17925,2.310011604213219,near_111,110,trainpool_10fold_cv,6,2.995359420776367,3.0,989.3715567867432,1.0628443213256786
1988,CMSX-4 05,760.0,750.0,1800.0,54.74,35.26,0.22,0.36289,64.865,23.096,-0.776,0.272239,1.0,3.255272505103306,1033.15,0.9679136621013404,2.8750612633917,0.5772877120855479,0.8165408118857462,204.17925,2.310011604213219,near_111,111,trainpool_10fold_cv,6,3.3139572143554688,3.255272505103306,2060.4269149822585,14.468161943458805
Gunturi et al.,CMSX-04 -6,750.0,750.0,118.0,34.0,27.237,0.45,0.36281,65.132,22.611,-0.788,0.435688,0.895569766,2.0718820073061255,1023.15,0.977373796608513,2.8750612633917,0.8290375725550417,0.8891210068973023,326.766,2.5142368618733526,interior,112,trainpool_10fold_cv,8,1.5047340393066406,2.0718820073061255,31.969367152327,72.90731597260424
Gunturi et al.,CMSX-04 -7,750.0,720.0,110.0,47.9,23.22,0.45,0.36281,65.132,22.611,-0.788,0.393607,0.961268473,2.041392685158225,1023.15,0.977373796608513,2.8573324964312685,0.6704266189587992,0.9189977715934213,283.39704,2.4523953098550555,interior,113,trainpool_10fold_cv,7,1.7372627258300781,2.041392685158225,54.60881164179714,50.35562578018442
Gunturi et al.,CMSX-04 -8,750.0,675.0,40.0,42.2,15.574,0.45,0.36281,65.132,22.611,-0.788,0.450147,0.880163591,1.6020599913279623,1023.15,0.977373796608513,2.829303772831025,0.7408045962867501,0.9632844995692251,303.849225,2.4826581329701454,interior,114,trainpool_10fold_cv,6,1.5547409057617188,1.6020599913279623,35.87078705134442,10.323032371638945
Gunturi et al.,CMSX-04 -9,750.0,750.0,5.0,42.2,15.574,0.45,0.36281,65.132,22.611,-0.788,0.450147,0.880163591,0.6989700043360189,1023.15,0.977373796608513,2.8750612633917,0.7408045962867501,0.9632844995692251,337.61025,2.5284156235308206,interior,115,trainpool_10fold_cv,5,0.8605728149414062,0.6989700043360189,7.253920890188302,45.07841780376604
Gunturi et al.,CMSX-04 -10,750.0,720.0,5.0,41.3,4.443,0.45,0.36281,65.132,22.611,-0.788,0.442881,0.949679485,0.6989700043360189,1023.15,0.977373796608513,2.8573324964312685,0.7512641335035112,0.9969948944590252,318.87432,2.503619545485153,near_011,116,trainpool_10fold_cv,4,0.8605194091796875,0.6989700043360189,7.25302892087234,45.06057841744679
Gunturi et al. ,CMSX-04 -11,750.0,750.0,5.0,37.5,7.505,0.45,0.36281,65.132,22.611,-0.788,0.455212,0.995162693,0.6989700043360189,1023.15,0.977373796608513,2.8750612633917,0.7933533402912352,0.991433467039611,341.409,2.533274965515733,interior,117,trainpool_10fold_cv,9,1.0169944763183594,0.6989700043360189,10.399069394316774,107.98138788633547
G.M. Han et al.,A SRR99,760.0,790.0,456.0,3.85,41.78,0.45,0.36244,65.583,27.69,-0.608,0.429871,0.996143029,2.658964842664435,1033.15,0.9679136621013404,2.8976270912904414,0.9977432534762729,0.7457086179846887,339.59809,2.530965238978296,near_001,118,trainpool_10fold_cv,3,2.6208534240722656,2.658964842664435,417.68937121073964,8.401453681855344
G.M. Han et al.,B ,760.0,790.0,449.0,5.85,40.53,0.45,0.36244,65.583,27.69,-0.608,0.436978,0.990567031,2.6522463410033232,1033.15,0.9679136621013404,2.8976270912904414,0.9947921417617265,0.7600658111778442,345.21261999999996,2.53808666391507,near_001,119,trainpool_10fold_cv,4,2.6510791778564453,2.6522463410033232,447.79493590971083,0.2683884388171871
G.M. Han et al.,D,760.0,790.0,295.0,12.53,34.75,0.45,0.36244,65.583,27.69,-0.608,0.466454,0.963571971,2.469822015978163,1033.15,0.9679136621013404,2.8976270912904414,0.9761825457797189,0.8216469379421637,368.49866,2.5664359129395375,interior,121,trainpool_10fold_cv,5,2.468303680419922,2.469822015978163,293.9704521854175,0.3489992591805037
G.M. Han et al.,E,760.0,790.0,329.0,15.79,31.23,0.45,0.36244,65.583,27.69,-0.608,0.481251,0.952166333,2.5171958979499744,1033.15,0.9679136621013404,2.8976270912904414,0.962265500741616,0.855092904613584,380.18829,2.579998736236153,interior,122,trainpool_10fold_cv,6,2.6017627716064453,2.5171958979499744,399.7263441720631,21.497369049259294
G.M. Han et al.,F,760.0,790.0,376.0,18.39,31.38,0.45,0.36244,65.583,27.69,-0.608,0.473454,0.919354362,2.575187844927661,1033.15,0.9679136621013404,2.8976270912904414,0.9489310883417635,0.8537326119405507,374.02866,2.572904881352799,interior,123,trainpool_10fold_cv,5,2.3650054931640625,2.575187844927661,231.74239616683667,38.36638399818174
G.M. Han et al.,G,760.0,790.0,326.0,21.36,25.36,0.45,0.36244,65.583,27.69,-0.608,0.496598,0.936246219,2.513217600067939,1033.15,0.9679136621013404,2.8976270912904414,0.9313103209992203,0.9036345259158666,392.31242,2.59363205743385,interior,124,trainpool_10fold_cv,6,2.549985885620117,2.513217600067939,354.8018581416683,8.834925810327691
G.M. Han et al.,H,760.0,790.0,93.0,23.93,26.09,0.45,0.36244,65.583,27.69,-0.608,0.486782,0.883970648,1.968482948553935,1033.15,0.9679136621013404,2.8976270912904414,0.9140416982812212,0.8981043459527085,384.55778,2.5849616020045807,interior,125,trainpool_10fold_cv,6,2.333282470703125,1.968482948553935,215.4182387037048,131.63251473516644
G.M. Han et al.,I,760.0,790.0,118.0,25.73,27.82,0.45,0.36244,65.583,27.69,-0.608,0.469741,0.878224383,2.0718820073061255,1033.15,0.9679136621013404,2.8976270912904414,0.9008498344490616,0.8844181216774109,371.09539,2.569485559280076,interior,126,trainpool_10fold_cv,6,2.163238525390625,2.0718820073061255,145.62586746666736,23.411752090396064
G.M. Han et al.,J,760.0,790.0,135.0,29.22,15.7,0.45,0.36244,65.583,27.69,-0.608,0.484831,1.0,2.130333768495006,1033.15,0.9679136621013404,2.8976270912904414,0.8727517289450218,0.9626917464264788,383.01649000000003,2.5832174720413175,interior,127,trainpool_10fold_cv,0,1.7279319763183594,2.130333768495006,53.44806369697087,60.4088417059475
G.M. Han et al.,K,760.0,790.0,4.7,43.4,2.41,0.45,0.36244,65.583,27.69,-0.608,0.42741,0.959357526,0.6720978579357175,1033.15,0.9679136621013404,2.8976270912904414,0.7265746709709759,0.9991155062010446,337.6539,2.5284717703117847,near_011,128,trainpool_10fold_cv,8,0.5208835601806641,0.6720978579357175,3.3180548439719257,29.403088426129244
G.M. Han et al.,M,760.0,790.0,3.0,45.87,13.53,0.45,0.36244,65.583,27.69,-0.608,0.433293,0.981061314,0.47712125471966244,1033.15,0.9679136621013404,2.8976270912904414,0.6962887112311472,0.9722475554062134,342.30147,2.5344087642021997,interior,129,trainpool_10fold_cv,7,0.8178062438964844,0.47712125471966244,6.57364495383995,119.12149846133167
G.M. Han et al.,N,760.0,790.0,11.5,42.3,24.35,0.45,0.36244,65.583,27.69,-0.608,0.414358,0.830989145,1.0606978403536116,1033.15,0.9679136621013404,2.8976270912904414,0.7396310949786098,0.9110438156205597,327.34282,2.5150028194642844,interior,130,trainpool_10fold_cv,0,0.9754848480224609,1.0606978403536116,9.451154180005867,17.816050608644634
G.M. Han et al.,Q,760.0,790.0,10.0,42.08,29.03,0.45,0.36244,65.583,27.69,-0.608,0.382405,0.924585191,1.0,1033.15,0.9679136621013404,2.8976270912904414,0.742209818804988,0.8743657415364589,302.09995,2.4801506533940154,interior,132,trainpool_10fold_cv,9,1.247873306274414,1.0,17.69592651986143,76.9592651986143
G.M. Han et al.,A SRR99,1040.0,165.0,135.0,5.273,40.308,0.45,0.36462,56.896,40.472,-0.252,0.439109,0.993830689,2.130333768495006,1313.15,0.7615276244145756,2.2174839442139063,0.9957681162384628,0.7625780133719103,72.452985,1.8600562827309128,near_001,133,trainpool_10fold_cv,9,2.2867393493652344,2.130333768495006,193.5260129745287,43.35260220335459
G.M. Han et al.,B,1040.0,165.0,148.0,6.936,39.646,0.45,0.36462,56.896,40.472,-0.252,0.442002,0.987033995,2.1702617153949575,1313.15,0.7615276244145756,2.2174839442139063,0.9926816617699123,0.7700012377275356,72.93033,1.8629081786919544,interior,134,trainpool_10fold_cv,8,2.138690948486328,2.1702617153949575,137.62297712872189,7.0115019400527805
G.M. Han et al.,C,1040.0,165.0,145.0,11.067,33.993,0.45,0.36462,56.896,40.472,-0.252,0.471042,0.994102437,2.161368002234975,1313.15,0.7615276244145756,2.2174839442139063,0.9814033859173547,0.8291058846688947,77.72193,1.8905435765127037,interior,135,trainpool_10fold_cv,7,2.096729278564453,2.161368002234975,124.94799126818089,13.828971539185597
G.M. Han et al.,D,1040.0,165.0,129.0,20.21,30.631,0.45,0.36462,56.896,40.472,-0.252,0.47238,0.909126127,2.110589710299249,1313.15,0.7615276244145756,2.2174839442139063,0.9384327425610585,0.8604664831209687,77.9427,1.8917754460395695,interior,136,trainpool_10fold_cv,4,2.0884628295898438,2.110589710299249,122.59219739381304,4.967288842005397
G.M. Han et al.,E,1040.0,165.0,126.0,13.91,32.665,0.45,0.36462,56.896,40.472,-0.252,0.476651,0.963390405,2.100370545117563,1313.15,0.7615276244145756,2.2174839442139063,0.9706745390905777,0.841840638949298,78.647415,1.8956844527102874,interior,137,trainpool_10fold_cv,5,2.1268062591552734,2.100370545117563,133.90791845350756,6.276125756752034
G.M. Han et al.,F,1040.0,165.0,175.0,18.323,29.274,0.45,0.36462,56.896,40.472,-0.252,0.486308,0.935956225,2.2430380486862944,1313.15,0.7615276244145756,2.2174839442139063,0.9492993564986277,0.8722912573478453,80.24082,1.904395358193512,interior,138,trainpool_10fold_cv,1,2.1295623779296875,2.2430380486862944,134.76042685075228,22.994041799570127
G.M. Han et al.,G,1040.0,165.0,150.0,22.951,24.096,0.45,0.36462,56.896,40.472,-0.252,0.497714,0.925509429,2.1760912590556813,1313.15,0.7615276244145756,2.2174839442139063,0.9208386744787772,0.9128626818523775,82.12281,1.9144638012272346,interior,139,trainpool_10fold_cv,9,2.221710205078125,2.1760912590556813,166.61350671500335,11.075671143335569
G.M. Han et al.,H,1040.0,165.0,213.0,25.047,25.117,0.45,0.36462,56.896,40.472,-0.252,0.487873,0.876273128,2.3283796034387376,1313.15,0.7615276244145756,2.2174839442139063,0.9059608063814638,0.9054428966499647,80.499045,1.905790728148112,interior,140,trainpool_10fold_cv,4,2.1147403717041016,2.3283796034387376,130.238795700294,38.85502549281972
G.M. Han et al.,I,1040.0,165.0,170.0,27.743,27.541,0.45,0.36462,56.896,40.472,-0.252,0.462929,0.884712342,2.230448921378274,1313.15,0.7615276244145756,2.2174839442139063,0.8850445164030988,0.8866801857258958,76.383285,1.8829983320511068,interior,141,trainpool_10fold_cv,0,2.0687389373779297,2.230448921378274,117.14909484975733,31.08876773543686
G.M. Han et al.,J,1040.0,165.0,146.0,30.282,15.272,0.45,0.36462,56.896,40.472,-0.252,0.491704,0.950421392,2.164352855784437,1313.15,0.7615276244145756,2.2174839442139063,0.8635540100249531,0.9646862559736556,81.13116,1.9091876854934142,interior,142,trainpool_10fold_cv,7,2.1238765716552734,2.164352855784437,133.00763508826435,8.898880076531267
G.M. Han et al.,K,1040.0,165.0,185.0,52.01,32.393,0.45,0.36462,56.896,40.472,-0.252,0.309586,0.967934597,2.2671717284030137,1313.15,0.7615276244145756,2.2174839442139063,0.6155239321273805,0.8443933827930754,51.081689999999995,1.7082652571413592,near_111,143,trainpool_10fold_cv,3,2.1770248413085938,2.2671717284030137,150.32279471073414,18.74443529149506
G.M. Han et al.,M,1040.0,165.0,63.0,47.013,27.869,0.45,0.36462,56.896,40.472,-0.252,0.368275,0.900666621,1.7993405494535817,1313.15,0.7615276244145756,2.2174839442139063,0.6818324036179986,0.8840186751144842,60.765375000000006,1.7836561823993646,interior,145,trainpool_10fold_cv,2,2.1864891052246094,1.7993405494535817,153.6346251839631,143.86448441898904
G.M. Han et al.,N,1040.0,165.0,66.0,41.318,3.789,0.45,0.36462,56.896,40.472,-0.252,0.436644,0.981396744,1.8195439355418688,1313.15,0.7615276244145756,2.2174839442139063,0.7510567507943808,0.9978141735786068,72.04625999999999,1.8576114410345301,near_011,146,trainpool_10fold_cv,4,2.022388458251953,1.8195439355418688,105.29032306659231,59.530792525139866
G.M. Han et al.,O,1040.0,165.0,54.0,43.847,3.374,0.45,0.36462,56.896,40.472,-0.252,0.429865,0.960534121,1.7323937598229686,1313.15,0.7615276244145756,2.2174839442139063,0.721192216993741,0.9982666375220283,70.927725,1.8508160301179306,near_011,147,trainpool_10fold_cv,1,1.923574447631836,1.7323937598229686,83.86378272803418,55.30330134821144
G.M. Han et al.,P,1040.0,165.0,65.0,39.884,20.181,0.45,0.36462,56.896,40.472,-0.252,0.447415,0.807994815,1.8129133566428555,1313.15,0.7615276244145756,2.2174839442139063,0.7673442484293178,0.9386074763748798,73.823475,1.8681944843411387,interior,148,trainpool_10fold_cv,3,1.787771224975586,1.8129133566428555,61.34387764640109,5.6248036209214005
G.M. Han et al.,Q,1040.0,165.0,91.0,46.477,19.174,0.45,0.36462,56.896,40.472,-0.252,0.418268,0.95911473,1.9590413923210936,1313.15,0.7615276244145756,2.2174839442139063,0.6886457041592324,0.9445255079491454,69.01422,1.8389385839438903,interior,149,trainpool_10fold_cv,5,1.9924964904785156,1.9590413923210936,98.2870930415616,8.007794551166599
G.M. Han et al.,R,1040.0,165.0,143.0,32.566,17.848,0.45,0.36462,56.896,40.472,-0.252,0.487497,0.839270806,2.155336037465062,1313.15,0.7615276244145756,2.2174839442139063,0.8427719616785531,0.95187295995175,80.437005,1.9054558916588114,interior,150,trainpool_10fold_cv,8,2.045785903930664,2.155336037465062,111.11838070470978,22.29483866803512
G.M. Han et al.,T,1040.0,165.0,131.0,44.149,1.16,0.45,0.36462,56.896,40.472,-0.252,0.417987,0.981427652,2.1172712956557644,1313.15,0.7615276244145756,2.2174839442139063,0.7175308827110821,0.99979506040039,68.967855,1.83864671901272,near_011,151,trainpool_10fold_cv,2,2.095111846923828,2.1172712956557644,124.4835161679979,4.974415138932897
G.M. Han et al.,[001],1040.0,165.0,135.0,0.0,45.0,0.45,0.36462,56.896,40.472,-0.252,0.408248,1.0,2.130333768495006,1313.15,0.7615276244145756,2.2174839442139063,1.0,0.7071067811865476,67.36092,1.8284080100265523,near_001,152,trainpool_10fold_cv,1,2.2429351806640625,2.130333768495006,174.9585539931496,29.598928883814512
G.M. Han et al.,[011],1040.0,165.0,131.0,45.0,0.0,0.45,0.36462,56.896,40.472,-0.252,0.408248,1.0,2.1172712956557644,1313.15,0.7615276244145756,2.2174839442139063,0.7071067811865476,1.0,67.36092,1.8284080100265523,near_011,153,trainpool_10fold_cv,3,1.9841880798339844,2.1172712956557644,96.42465192835544,26.39339547453783
G.M. Han et al.,[111],1040.0,165.0,185.0,54.736,35.264,0.45,0.36462,56.896,40.472,-0.252,0.272172,1.0,2.2671717284030137,1313.15,0.7615276244145756,2.2174839442139063,0.5773447159812638,0.8165005076106897,44.90838,1.6523273888469412,near_111,154,trainpool_10fold_cv,2,2.3847122192382812,2.2671717284030137,242.5002659550555,31.08122484057055
Wang et al.,SC 1,900.0,445.0,234.5,0.0,45.0,0.45,0.36404,60.373,26.503,-0.748,0.408248,1.0,2.370142847051102,1173.15,0.8524059156970548,2.6483600109809315,1.0,0.7071067811865476,181.67036,2.2592840767935773,near_001,155,trainpool_10fold_cv,8,2.519681930541992,2.370142847051102,330.8886957969853,41.10392144860781
Wang et al.,SC 2,900.0,445.0,34.8,45.0,0.0,0.45,0.36404,60.373,26.503,-0.748,0.408248,1.0,1.541579243946581,1173.15,0.8524059156970548,2.6483600109809315,0.7071067811865476,1.0,181.67036,2.2592840767935773,near_011,156,trainpool_10fold_cv,7,1.5717086791992188,1.541579243946581,37.29998689292076,7.183870381956206
Wang et al.,SC 4,1100.0,100.0,395.7,0.0,45.0,0.45,0.36588,53.272,38.227,-0.493,0.408248,1.0,2.597366050266028,1373.15,0.7282525579871099,2.0,1.0,0.7071067811865476,40.8248,1.610924065812646,near_001,158,trainpool_10fold_cv,9,2.744295120239258,2.597366050266028,555.0027311022142,40.25846123381708
Wang et al.,SC 6,1100.0,100.0,522.6,54.736,35.264,0.45,0.36588,53.272,38.227,-0.493,0.272172,1.0,2.718169405391307,1373.15,0.7282525579871099,2.0,0.5773447159812638,0.8165005076106897,27.217200000000002,1.434843444633035,near_111,160,trainpool_10fold_cv,0,2.618927001953125,2.718169405391307,415.8407083606205,20.428490554798987
Lukas et al,Fig2a_CM186LC_1,850.0,501.0,65.0,45.0,0.0,0.4,0.36329,63.262,29.363,-0.715,0.408248,1.0,1.8129133566428555,1123.15,0.8903530249744023,2.699837725867246,0.7071067811865476,1.0,204.532248,2.3107617916798917,near_011,163,trainpool_10fold_cv,8,1.6435527801513672,1.8129133566428555,44.01014304604365,32.2920876214713
Lukas et al,Fig2a_CM186LC_2,850.0,401.0,568.0,45.0,0.0,0.4,0.36329,63.262,29.363,-0.715,0.408248,1.0,2.754348335711019,1123.15,0.8903530249744023,2.603144372620182,0.7071067811865476,1.0,163.707448,2.2140684384328284,near_011,164,trainpool_10fold_cv,3,2.713724136352539,2.754348335711019,517.2781527376422,8.929902687034815
Lukas et al,Fig2a_CM186LC_3,850.0,349.0,1864.0,45.0,0.0,0.4,0.36329,63.262,29.363,-0.715,0.408248,1.0,3.2704459080179626,1123.15,0.8903530249744023,2.5428254269591797,0.7071067811865476,1.0,142.478552,2.153749492771826,near_011,165,trainpool_10fold_cv,3,3.337827682495117,3.2704459080179626,2176.8458813914385,16.783577327866876
Lukas et al,Fig2a_CMSX4_2,850.0,501.0,198.0,45.0,0.0,0.5,0.36355,62.358,27.775,-0.673,0.408248,1.0,2.296665190261531,1123.15,0.8903530249744023,2.699837725867246,0.7071067811865476,1.0,204.532248,2.3107617916798917,near_011,167,trainpool_10fold_cv,0,2.0841941833496094,2.296665190261531,121.39315066686723,38.690327946026656
Lukas et al,Fig2a_CMSX4_3,850.0,451.0,667.0,45.0,0.0,0.5,0.36355,62.358,27.775,-0.673,0.408248,1.0,2.824125833916549,1123.15,0.8903530249744023,2.6541765418779604,0.7071067811865476,1.0,184.119848,2.2651006076906066,near_011,168,trainpool_10fold_cv,4,2.7165489196777344,2.824125833916549,520.6536528219501,21.940981585914525
Lukas et al,Fig2a_CMSX4_4,850.0,400.0,1636.0,45.0,0.0,0.5,0.36355,62.358,27.775,-0.673,0.408248,1.0,3.2137832993353044,1123.15,0.8903530249744023,2.6020599913279625,0.7071067811865476,1.0,163.2992,2.2129840571406083,near_011,169,trainpool_10fold_cv,4,3.292522430419922,3.2137832993353044,1961.2024649482403,19.877901280454786
Lukas et al,Fig2a_CMSX4_5,850.0,379.0,2350.0,45.0,0.0,0.5,0.36355,62.358,27.775,-0.673,0.408248,1.0,3.3710678622717363,1123.15,0.8903530249744023,2.578639209968072,0.7071067811865476,1.0,154.725992,2.1895632757807184,near_011,170,trainpool_10fold_cv,2,3.581338882446289,3.3710678622717363,3813.6328725734475,62.28224989674245
Lukas et al,Fig2b_CM186LC_2,850.0,651.0,32.0,54.7356,35.2644,0.4,0.36329,63.262,29.363,-0.715,0.272166,1.0,1.505149978319906,1123.15,0.8903530249744023,2.813580988568192,0.577350416216075,0.8164964769643069,177.180066,2.2484148591244897,near_111,171,trainpool_10fold_cv,6,1.6940116882324219,1.505149978319906,49.4323990623392,54.47624706981
Lukas et al,Fig2b_CM186LC_3,850.0,553.0,203.0,54.7356,35.2644,0.4,0.36329,63.262,29.363,-0.715,0.272166,1.0,2.307496037913213,1123.15,0.8903530249744023,2.7427251313046983,0.577350416216075,0.8164964769643069,150.507798,2.177559001860996,near_111,172,trainpool_10fold_cv,1,2.232881546020508,2.307496037913213,170.9548971385463,15.785764956381133
Lukas et al,Fig2b_CM186LC_4,850.0,503.0,492.0,54.7356,35.2644,0.4,0.36329,63.262,29.363,-0.715,0.272166,1.0,2.69196510276736,1123.15,0.8903530249744023,2.7015679850559273,0.577350416216075,0.8164964769643069,136.89949800000002,2.136401855612225,near_111,173,trainpool_10fold_cv,2,2.70489501953125,2.69196510276736,506.86817001529045,3.0219857754655375
Lukas et al,Fig2b_CM186LC_5,850.0,455.0,1140.0,54.7356,35.2644,0.4,0.36329,63.262,29.363,-0.715,0.272166,1.0,3.0569048513364727,1123.15,0.8903530249744023,2.6580113966571126,0.577350416216075,0.8164964769643069,123.83553,2.09284526721341,near_111,174,trainpool_10fold_cv,5,3.102296829223633,3.0569048513364727,1265.6010580415893,11.017636670314854
Lukas et al,Fig2b_CM186LC_6,850.0,405.0,3097.0,54.7356,35.2644,0.4,0.36329,63.262,29.363,-0.715,0.272166,1.0,3.490941205356787,1123.15,0.8903530249744023,2.6074550232146687,0.577350416216075,0.8164964769643069,110.22723,2.0422888937709662,near_111,175,trainpool_10fold_cv,0,3.3558902740478516,3.490941205356787,2269.291435384562,26.726140284644423
Lukas et al,Fig2b_CMSX4_1,850.0,602.0,54.0,54.7356,35.2644,0.5,0.36355,62.358,27.775,-0.673,0.272166,1.0,1.7323937598229686,1123.15,0.8903530249744023,2.7795964912578244,0.577350416216075,0.8164964769643069,163.84393200000002,2.2144303618141223,near_111,176,trainpool_10fold_cv,7,1.8308296203613281,1.7323937598229686,67.73757117614417,25.439946622489206
Lukas et al,Fig2b_CMSX4_3,850.0,601.0,82.0,54.7356,35.2644,0.5,0.36355,62.358,27.775,-0.673,0.272166,1.0,1.9138138523837167,1123.15,0.8903530249744023,2.7788744720027396,0.577350416216075,0.8164964769643069,163.57176600000003,2.213708342559037,near_111,178,trainpool_10fold_cv,9,1.8163700103759766,1.9138138523837167,65.51941488990369,20.0982745245077
Lukas et al,Fig2b_CMSX4_5,850.0,479.0,754.0,54.7356,35.2644,0.5,0.36355,62.358,27.775,-0.673,0.272166,1.0,2.877371345869774,1123.15,0.8903530249744023,2.680335513414563,0.577350416216075,0.8164964769643069,130.367514,2.1151693839708607,near_111,180,trainpool_10fold_cv,5,2.9223670959472656,2.877371345869774,836.3096267021923,10.916396114349112
Lukas et al,Fig2b_CMSX4_6,850.0,454.0,3008.0,54.7356,35.2644,0.5,0.36355,62.358,27.775,-0.673,0.272166,1.0,3.4782778319196046,1123.15,0.8903530249744023,2.6570558528571038,0.577350416216075,0.8164964769643069,123.563364,2.0918897234134013,near_111,181,trainpool_10fold_cv,1,3.2688636779785156,3.4782778319196046,1857.2213946906872,38.257267463740455
Lukas et al,Fig2b_CMSX4_7,850.0,455.0,4137.0,54.7356,35.2644,0.5,0.36355,62.358,27.775,-0.673,0.272166,1.0,3.616685520895512,1123.15,0.8903530249744023,2.6580113966571126,0.577350416216075,0.8164964769643069,123.83553,2.09284526721341,near_111,182,trainpool_10fold_cv,9,3.0865325927734375,3.616685520895512,1220.4854118502312,70.49829799733548
leng et al,B,800.0,760.0,125.0,7.8,40.4,0.45,0.36334,64.982,23.772,-0.9,0.443771,0.983374308,2.0969100130080562,1073.15,0.9318361831989935,2.8808135922807914,0.9907478404714436,0.7615383075367368,337.26596,2.527972510385238,interior,184,trainpool_10fold_cv,4,1.9516334533691406,2.0969100130080562,89.46093921966744,28.431248624266047
leng et al,C,800.0,760.0,85.0,14.7,46.5,0.45,0.36334,64.982,23.772,-0.9,0.482763,0.997334096,1.9294189257142926,1073.15,0.9318361831989935,2.8808135922807914,0.9672677527758768,0.6883545756937539,366.89988,2.5645475697135756,interior,185,trainpool_10fold_cv,3,2.017343521118164,1.9294189257142926,104.07430541552631,22.440359312383894
leng et al,E,1100.0,137.0,225.0,7.8,40.4,0.45,0.36611,54.119,39.056,-0.599,0.443771,0.983374308,2.3521825181113627,1373.15,0.7282525579871099,2.1367205671564067,0.9907478404714436,0.7615383075367368,60.796627,1.7838794852608535,interior,187,trainpool_10fold_cv,6,2.2294883728027344,2.3521825181113627,169.62441887661748,24.611369388170008
leng et al,F,1100.0,137.0,190.0,14.7,46.5,0.45,0.36611,54.119,39.056,-0.599,0.482763,0.997334096,2.278753600952829,1373.15,0.7282525579871099,2.1367205671564067,0.9672677527758768,0.6883545756937539,66.138531,1.820454544589191,interior,188,trainpool_10fold_cv,5,2.050954818725586,2.278753600952829,112.44879832034891,40.816421936658465
