paper_id,spec_no,T_C,stress_MPa,t_rupture_h,theta_from_001_deg,theta_from_011_deg,Gamma_prime_size,L,G,SFE,Misfit,Schmid1_110,MultislipPropensity_110,y_log10,T_K,Inv_T_K,Log_Stress,cos_001,cos_011,RSS_110,Log_RSS_110,Unnamed: 22,orientation_zone,cv_fold,Pred_Log10_t_rupture_h,Actual_Log10_t_rupture_h,Pred_t_rupture_h,APE_%
1988,CMSX2 1,1050.0,120.0,705.0,1.43,43.752,0.3,0.36476,56.167,42.244,-0.225,0.416961,0.999484364,2.848189116991399,1323.15,0.7557722102558289,2.0791812460476247,0.9996885600862851,0.7223398232603833,50.035320000000006,1.6992766816523555,,near_001,2,2.778230667114258,2.848189116991399,600.109728300388,14.878052723349214
1988,CMSX2 2,1050.0,120.0,468.0,3.858,41.698,0.3,0.36476,56.167,42.244,-0.225,0.430445,0.996273624,2.670245853074124,1323.15,0.7557722102558289,2.0791812460476247,0.9977338685928386,0.7466614027504546,51.653400000000005,1.7130989135156585,,near_001,4,2.5623703002929688,2.670245853074124,365.06508625236444,21.994639689665718
1988,CMSX2 3,1050.0,120.0,327.0,16.09,29.424,0.3,0.36476,56.167,42.244,-0.225,0.488234,0.973621255,2.514547752660286,1323.15,0.7557722102558289,2.0791812460476247,0.9608275400614866,0.8710081054113121,58.58808,1.767809265901899,,interior,4,2.451528549194336,2.514547752660286,282.83200300669387,13.507032719665485
1988,CMSX2 4,1050.0,120.0,536.0,38.83,6.17,0.3,0.36476,56.167,42.244,-0.225,0.447156,1.0,2.72916478969277,1323.15,0.7557722102558289,2.0791812460476247,0.7790097691280882,0.994207376024082,53.65872,1.7296403085974354,,interior,7,2.412588119506836,2.72916478969277,258.5759443815211,51.75821933180577
1988,CMSX2 5,1050.0,120.0,191.0,41.982,20.176,0.3,0.36476,56.167,42.244,-0.225,0.437188,0.851054924,2.2810333672477277,1323.15,0.7557722102558289,2.0791812460476247,0.7433550023809324,0.938637578592876,52.46256,1.7198494789105927,,interior,8,2.3692283630371094,2.2810333672477277,234.00673819024775,22.51661685353285
1988,CMSX2 7,1050.0,120.0,474.0,51.269,29.881,0.3,0.36476,56.167,42.244,-0.225,0.334074,0.977642678,2.6757783416740852,1323.15,0.7557722102558289,2.0791812460476247,0.6256648182850825,0.8670620060620555,40.088879999999996,1.6030239231346746,,near_111,3,2.7359371185302734,2.6757783416740852,544.4238200460434,14.857346001274973
1988,CMSX2 8,1050.0,120.0,682.0,52.168,32.413,0.3,0.36476,56.167,42.244,-0.225,0.308791,0.971443468,2.833784374656479,1323.15,0.7557722102558289,2.0791812460476247,0.6133482638486748,0.844206328526606,37.054919999999996,1.5688458799804386,,near_111,1,2.6284847259521484,2.833784374656479,425.0937560814987,37.6695372314518
1988,CMSX2 9,1050.0,120.0,1055.0,1.635,43.605,0.45,0.36476,56.167,42.244,-0.225,0.417954,0.999298966,3.0232524596337114,1323.15,0.7557722102558289,2.0791812460476247,0.9995928721775056,0.7241116780219804,50.15448,1.7003097320200495,,near_001,6,2.6937084197998047,3.0232524596337114,493.9789239967392,53.177353175664535
1988,CMSX2 10,1050.0,120.0,347.0,11.943,33.163,0.45,0.36476,56.167,42.244,-0.225,0.474645,0.991416743,2.5403294747908736,1323.15,0.7557722102558289,2.0791812460476247,0.9783539550452257,0.8371177398613151,56.9574,1.7555501563411469,,interior,6,2.5397167205810547,2.5403294747908736,346.5107564305219,0.14099238313490076
1988,CMSX2 11,1050.0,120.0,505.0,14.94,31.252,0.45,0.36476,56.167,42.244,-0.225,0.482413,0.964387361,2.7032913781186614,1323.15,0.7557722102558289,2.0791812460476247,0.9661963312817148,0.8548937615492558,57.889559999999996,1.762600248646122,,interior,4,2.5721912384033203,2.7032913781186614,373.414551968976,26.056524362579008
1988,CMSX2 12,1050.0,120.0,152.0,35.359,13.165,0.45,0.36476,56.167,42.244,-0.225,0.482572,0.866975291,2.1818435879447726,1323.15,0.7557722102558289,2.0791812460476247,0.8155421119090891,0.9737182128245837,57.90864,1.7627433655303173,,interior,6,2.4293479919433594,2.1818435879447726,268.74970236005737,76.80901471056406
1988,CMSX2 14,1050.0,120.0,258.0,47.965,22.904,0.45,0.36476,56.167,42.244,-0.225,0.394915,0.965541952,2.41161970596323,1323.15,0.7557722102558289,2.0791812460476247,0.669584442826296,0.9211582373443571,47.3898,1.6756848758426874,,interior,7,2.6177539825439453,2.41161970596323,414.71904764124923,60.743816915212875
1988,CMSX2 15,1050.0,120.0,382.0,45.578,26.865,0.45,0.36476,56.167,42.244,-0.225,0.382192,0.878809604,2.582063362911709,1323.15,0.7557722102558289,2.0791812460476247,0.6999376267441046,0.8920737398345527,45.86304,1.6614628382584624,,interior,1,2.3221969604492188,2.582063362911709,209.98920069357519,45.02900505403791
1988,CMSX2 16,1050.0,120.0,522.0,52.185,29.974,0.45,0.36476,56.167,42.244,-0.225,0.329552,0.998953124,2.717670503002262,1323.15,0.7557722102558289,2.0791812460476247,0.6131138947451263,0.8662522074128411,39.546240000000004,1.5971051976976993,,near_111,6,2.6705055236816406,2.717670503002262,468.279907269392,10.291205503947888
1988,CMSX2 17,1050.0,120.0,290.0,44.126,6.762,0.45,0.36476,56.167,42.244,-0.225,0.438501,0.962513198,2.462397997898956,1323.15,0.7557722102558289,2.0791812460476247,0.717810428625461,0.9930438181997195,52.62012,1.7211518341578635,,near_011,5,2.427562713623047,2.462397997898956,267.64720571036895,7.707860099872775
1988,CMSX2 18,1050.0,120.0,381.0,44.195,1.771,0.45,0.36476,56.167,42.244,-0.225,0.421213,0.972583942,2.5809249756756194,1323.15,0.7557722102558289,2.0791812460476247,0.7169714440529864,0.9995223307504634,50.54556,1.7036830125048998,,near_011,2,2.537445068359375,2.5809249756756194,344.7030041331323,9.526770568731676
1988,Alloy454 1,980.0,200.0,239.0,2.508,42.765,0.5,0.3648,57.456,30.992,-0.07,0.423609,0.998531665,2.3783979009481375,1253.15,0.7979890675497745,2.3010299956639813,0.99904212142798,0.7341447746532619,84.7218,1.9279951742212775,,near_001,0,2.574321746826172,2.3783979009481375,375.2509037151993,57.008746324351165
1988,Alloy454 2,980.0,200.0,210.0,17.008,32.215,0.5,0.3648,57.456,30.992,-0.07,0.472104,0.930667819,2.322219294733919,1253.15,0.7979890675497745,2.3010299956639813,0.9562639238502447,0.8460536304477271,94.4208,1.975067675761765,,interior,1,2.3161258697509766,2.322219294733919,207.07414161422466,1.3932658979882582
1988,Alloy454 3,980.0,200.0,248.0,22.836,23.232,0.5,0.3648,57.456,30.992,-0.07,0.49939,0.945457458,2.3944516808262164,1253.15,0.7979890675497745,2.3010299956639813,0.9216194864121249,0.9189151772462566,99.878,1.999469837267013,,interior,9,2.380596160888672,2.3944516808262164,240.2128084913153,3.139996576082546
1988,Alloy454 4,980.0,200.0,193.0,21.954,23.079,0.5,0.3648,57.456,30.992,-0.07,0.494884,0.990482618,2.285557309007774,1253.15,0.7979890675497745,2.3010299956639813,0.9274843091657523,0.9199652345995314,98.9768,1.9955334086102394,,interior,9,2.39013671875,2.285557309007774,245.54817957914602,27.227036051370995
1988,Alloy454 6,980.0,200.0,256.0,28.083,24.772,0.5,0.3648,57.456,30.992,-0.07,0.478181,0.83172899,2.4082399653118496,1253.15,0.7979890675497745,2.3010299956639813,0.8822665792252837,0.9079823530840221,95.6362,1.980622311569442,,interior,8,2.2848339080810547,2.4082399653118496,192.67878900090034,24.734848046523304
1988,Alloy454 7,980.0,200.0,232.0,36.939,28.542,0.5,0.3648,57.456,30.992,-0.07,0.41152,0.939422142,2.3654879848909,1253.15,0.7979890675497745,2.3010299956639813,0.7992757801791989,0.8784671009395607,82.304,1.9154209425720905,,interior,1,2.230012893676758,2.3654879848909,169.82940720057826,26.79766931009558
1988,Alloy454 8,980.0,200.0,269.0,43.528,25.911,0.5,0.3648,57.456,30.992,-0.07,0.398483,0.844312053,2.429752280002408,1253.15,0.7979890675497745,2.3010299956639813,0.7250378909032279,0.8994739024541851,79.69659999999999,1.9014397940092207,,interior,6,2.698863983154297,2.429752280002408,499.87795350148485,85.82823550241072
1988,Alloy454 9,980.0,200.0,195.0,46.402,15.364,0.5,0.3648,57.456,30.992,-0.07,0.428149,0.983741641,2.290034611362518,1253.15,0.7979890675497745,2.3010299956639813,0.6895942649488699,0.9642620677478955,85.6298,1.9326249296693612,,interior,0,2.320291519165039,2.290034611362518,209.06990368385445,7.215335222489461
1988,MXON 2,850.0,500.0,293.0,0.571,44.601,0.2,0.36314,62.087,28.574,-0.513,0.411108,0.999902702,2.4668676203541096,1123.15,0.8903530249744023,2.6989700043360187,0.9999503415269171,0.7120137909999216,205.55399999999997,2.312925932398417,,near_001,4,2.7897396087646484,2.4668676203541096,616.2254189677245,110.31584265110052
1988,MXON 3,850.0,500.0,327.0,3.075,42.08,0.2,0.36314,62.087,28.574,-0.513,0.42813,0.99840469,2.514547752660286,1123.15,0.8903530249744023,2.6989700043360187,0.9985601716053734,0.742209818804988,214.065,2.3305456651952454,,near_001,3,2.5268478393554688,2.514547752660286,336.3936888807759,2.8726877311241363
1988,MXON 5,850.0,500.0,1396.0,51.082,31.713,0.2,0.36314,62.087,28.574,-0.513,0.319361,0.953704429,3.144885418287142,1123.15,0.8903530249744023,2.6989700043360187,0.6282075189523932,0.8506918617893676,159.6805,2.2032518838312027,,near_111,4,2.807781219482422,3.144885418287142,642.3640380004355,53.98538409739001
1988,MXON 6,850.0,500.0,900.0,52.529,33.441,0.2,0.36314,62.087,28.574,-0.513,0.29787,0.968395609,2.9542425094393248,1123.15,0.8903530249744023,2.6989700043360187,0.6083597988389532,0.8344537337934343,148.935,2.1729967697513475,,near_111,0,2.795438766479492,2.9542425094393248,624.3653114425788,30.626076506380134
1988,MXON 8,850.0,500.0,382.0,1.217,43.811,0.36,0.36314,62.087,28.574,-0.513,0.416568,0.999817557,2.582063362911709,1123.15,0.8903530249744023,2.6989700043360187,0.9997744257263085,0.7216273328475322,208.284,2.318655909512809,,near_001,2,2.4765567779541016,2.582063362911709,299.61032655929637,21.56797734049833
1988,MXON 9,850.0,500.0,459.0,2.37,43.155,0.36,0.36314,62.087,28.574,-0.513,0.420893,0.998389139,2.661812685537261,1123.15,0.8903530249744023,2.6989700043360187,0.9991446191812813,0.7295060445736552,210.44650000000001,2.323141707259966,,near_001,6,2.6381149291992188,2.661812685537261,434.6252256795844,5.310408348674425
1988,MXON 10,850.0,500.0,369.0,4.449,41.611,0.36,0.36314,62.087,28.574,-0.513,0.430599,0.994424047,2.56702636615906,1123.15,0.8903530249744023,2.6989700043360187,0.996986776637169,0.7476706120354675,215.2995,2.3330430212424695,,near_001,0,2.4318408966064453,2.56702636615906,270.29679528188683,26.748835966968336
1988,MXON 11,850.0,500.0,411.0,5.151,39.991,0.36,0.36314,62.087,28.574,-0.513,0.441099,0.996762632,2.6138418218760693,1123.15,0.8903530249744023,2.6989700043360187,0.9959615444281468,0.7661454025094888,220.54950000000002,2.3435060775418255,,near_001,9,2.56500244140625,2.6138418218760693,367.284365198102,10.63640749437907
1988,MXON 12,850.0,500.0,65.0,37.288,19.599,0.36,0.36314,62.087,28.574,-0.513,0.462058,0.759512875,1.8129133566428555,1123.15,0.8903530249744023,2.6989700043360187,0.7956003813210448,0.942063307378186,231.02900000000002,2.36366649828814,,interior,3,1.5293407440185547,1.8129133566428555,33.833018328596154,47.94920257139053
1988,MXON 13,850.0,500.0,26.0,47.001,17.634,0.36,0.36314,62.087,28.574,-0.513,0.420111,0.983537684,1.414973347970818,1123.15,0.8903530249744023,2.6989700043360187,0.681985595428535,0.9530110700710954,210.0555,2.322334057396881,,interior,2,1.8297805786132812,1.414973347970818,67.57414799290677,159.90056920348758
1988,MXON 14,850.0,500.0,144.0,49.203,24.168,0.36,0.36314,62.087,28.574,-0.513,0.382196,0.984466085,2.1583624920952498,1123.15,0.8903530249744023,2.6989700043360187,0.6533809669260013,0.9123489181142137,191.09799999999998,2.2812561418247195,,interior,5,1.8451156616210938,2.1583624920952498,70.00284032506826,51.386916440924814
1988,MXON 15,850.0,500.0,119.0,51.563,31.566,0.36,0.36314,62.087,28.574,-0.513,0.318725,0.966497765,2.0755469613925306,1123.15,0.8903530249744023,2.6989700043360187,0.6216537378800258,0.852037723658175,159.36249999999998,2.2023861341298776,,near_111,4,2.3386363983154297,2.0755469613925306,218.09032431430347,83.26918009605335
1988,MXON 16,850.0,500.0,166.0,53.295,33.698,0.36,0.36314,62.087,28.574,-0.513,0.292585,0.983683374,2.220108088040055,1123.15,0.8903530249744023,2.6989700043360187,0.5976951128241161,0.8319734893478138,146.2925,2.1652220616543145,,near_111,7,2.612386703491211,2.220108088040055,409.62523495102977,146.762189729536
1988,Alloy454 10,760.0,758.0,218.0,1.553,43.687,0.5,0.36321,63.407,19.237,-0.208,0.417393,0.999355523,2.3384564936046046,1033.15,0.9679136621013404,2.8796692056320534,0.9996326829718702,0.723123883545551,316.383894,2.500214366971778,,near_001,2,2.568910598754883,2.3384564936046046,370.604423536218,70.00202914505414
1988,Alloy454 11,760.0,758.0,363.0,3.585,41.56,0.5,0.36321,63.407,19.237,-0.208,0.431464,0.998057775,2.5599066250361124,1033.15,0.9679136621013404,2.8796692056320534,0.9980431327458196,0.7482614161630711,327.049712,2.5146137710284004,,near_001,9,2.307201385498047,2.5599066250361124,202.8623188724742,44.11506367149472
1988,Alloy454 12,760.0,758.0,398.0,11.08,36.865,0.5,0.36321,63.407,19.237,-0.208,0.454772,0.96765632,2.5998830720736876,1033.15,0.9679136621013404,2.8796692056320534,0.981359807051079,0.8000512851045471,344.717176,2.537462923257613,,interior,0,2.5112056732177734,2.5998830720736876,324.49325450986936,18.469031530183578
1988,Alloy454 13,760.0,758.0,350.0,18.057,33.885,0.5,0.36321,63.407,19.237,-0.208,0.456412,0.989726388,2.5440680443502757,1033.15,0.9679136621013404,2.8796692056320534,0.9507486239668369,0.8301582739777059,345.96029599999997,2.5390262600137943,,interior,8,2.533720016479492,2.5440680443502757,341.7590442471218,2.354558786536635
1988,Alloy454 15,760.0,758.0,377.0,15.665,30.033,0.5,0.36321,63.407,19.237,-0.208,0.486605,0.97045653,2.576341350205793,1033.15,0.9679136621013404,2.8796692056320534,0.9628568672048274,0.8657372808311875,368.84659,2.5668457727448417,,interior,1,2.5448436737060547,2.576341350205793,350.6256419244183,6.995850948430162
1988,Alloy454 16,760.0,758.0,323.0,26.887,18.324,0.5,0.36321,63.407,19.237,-0.208,0.495281,0.971519198,2.509202522331103,1033.15,0.9679136621013404,2.8796692056320534,0.8919001608285729,0.9492938695004347,375.422998,2.574520873502601,,interior,3,2.4199047088623047,2.509202522331103,262.9690932447235,18.58542004807321
1988,Alloy454 17,760.0,758.0,25.0,36.925,10.608,0.5,0.36321,63.407,19.237,-0.208,0.475235,0.888425726,1.3979400086720377,1033.15,0.9679136621013404,2.8796692056320534,0.7994225996253805,0.9829096551143689,360.22813,2.556577623605019,,interior,2,1.5566539764404297,1.3979400086720377,36.029146687893956,44.116586751575824
1988,Alloy454 20,760.0,758.0,71.0,30.789,28.894,0.5,0.36321,63.407,19.237,-0.208,0.439173,0.948284617,1.8512583487190752,1033.15,0.9679136621013404,2.8796692056320534,0.8590581862729213,0.875515131412482,332.893134,2.5223048378221424,,interior,3,2.192464828491211,1.8512583487190752,155.76318842950104,119.38477243591696
1988,Alloy454 21,760.0,758.0,36.0,39.423,29.142,0.5,0.36321,63.407,19.237,-0.208,0.394468,0.951980896,1.5563025007672873,1033.15,0.9679136621013404,2.8796692056320534,0.7724787140857208,0.8734154858551716,299.00674399999997,2.4756809838058866,,interior,7,1.5709209442138672,1.5563025007672873,37.2323924965648,3.423312490457775
1988,Alloy454 22,760.0,758.0,30.0,46.568,21.545,0.5,0.36321,63.407,19.237,-0.208,0.408375,0.943378023,1.4771212547196624,1033.15,0.9679136621013404,2.8796692056320534,0.6874931994709723,0.930129431657114,309.54825,2.4907283531155473,,interior,0,1.4057559967041016,1.4771212547196624,25.453997475675926,15.153341747746913
1988,CMSX2 19,760.0,750.0,412.0,0.0,45.0,0.23,0.36244,64.959,31.316,-0.375,0.408248,1.0,2.6148972160331345,1033.15,0.9679136621013404,2.8750612633917,1.0,0.7071067811865476,306.186,2.485985329204346,,near_001,8,2.540895462036133,2.6148972160331345,347.452516930065,15.666864822799765
1988,CMSX2 20,760.0,750.0,230.0,3.424,41.868,0.23,0.36244,64.959,31.316,-0.375,0.429478,0.997550515,2.361727836017593,1033.15,0.9679136621013404,2.8750612633917,0.998214898153424,0.7446844181881109,322.1085,2.5080021854045684,,near_001,2,2.5347671508789062,2.361727836017593,342.5840591705084,48.9495909436993
1988,CMSX2 22,760.0,750.0,1012.0,52.396,31.741,0.23,0.36244,64.959,31.316,-0.375,0.3139,0.984415419,3.0051805125037805,1033.15,0.9679136621013404,2.8750612633917,0.61020047466596,0.8504348719942609,235.425,2.3718525790917426,,near_111,8,3.054380416870117,3.0051805125037805,1133.3927150751365,11.995327576594516
1988,CMSX2 23,760.0,750.0,459.0,52.869,32.116,0.3,0.36244,64.959,31.316,-0.375,0.308759,0.991650446,2.661812685537261,1033.15,0.9679136621013404,2.8750612633917,0.6036394338676679,0.8469734938762619,231.56925,2.3646808890711473,,near_111,5,2.6095809936523438,2.661812685537261,406.987427761448,11.331715084651856
1988,CMSX2 24,760.0,750.0,518.0,48.632,30.288,0.3,0.36244,64.959,31.316,-0.375,0.341913,0.913282034,2.714329759745233,1033.15,0.9679136621013404,2.8750612633917,0.6608928211510494,0.8635011996880498,256.43475,2.408976876972537,,near_111,5,2.5916824340820312,2.714329759745233,390.5552085796173,24.603241586946474
1988,CMSX2 25,760.0,750.0,347.0,48.487,28.195,0.3,0.36244,64.959,31.316,-0.375,0.359182,0.930057742,2.5403294747908736,1033.15,0.9679136621013404,2.8750612633917,0.6627899638209579,0.8813446865428339,269.3865,2.43037582775515,,interior,7,2.5204105377197266,2.5403294747908736,331.44428707466625,4.482914387704251
1988,CMSX2 26,760.0,750.0,15.0,41.427,19.92,0.3,0.36244,64.959,31.316,-0.375,0.440966,0.840912905,1.1760912590556813,1033.15,0.9679136621013404,2.8750612633917,0.7497993504802006,0.9401692548500502,330.72450000000003,2.519466368547463,,interior,8,1.317728042602539,1.1760912590556813,20.783947782106758,38.55965188071171
1988,CMSX2 27,760.0,750.0,50.0,48.361,20.755,0.3,0.36244,64.959,31.316,-0.375,0.402644,0.993686731,1.6989700043360187,1033.15,0.9679136621013404,2.8750612633917,0.6644350688207212,0.9351042883997032,301.983,2.4799824952286738,,interior,4,1.4806766510009766,1.6989700043360187,30.246606130186173,39.506787739627654
1988,CMSX2 28,760.0,750.0,4.0,40.357,11.106,0.3,0.36244,64.959,31.316,-0.375,0.462962,0.853229855,0.6020599913279624,1033.15,0.9679136621013404,2.8750612633917,0.7620245015550923,0.9812724977585532,347.2215,2.540606608907307,,interior,4,0.7440185546875,0.6020599913279624,5.546494091526551,38.662352288163774
1988,CMSX2 29,760.0,750.0,19.0,29.956,22.14,0.3,0.36244,64.959,31.316,-0.375,0.483392,0.828151893,1.2787536009528289,1033.15,0.9679136621013404,2.8750612633917,0.866409120817531,0.9262657510190667,362.544,2.559360722072755,,interior,9,1.60821533203125,1.2787536009528289,40.57096446752025,113.5313919343171
1988,CMSX2 30,760.0,750.0,343.0,11.118,35.836,0.3,0.36244,64.959,31.316,-0.375,0.461945,0.970977064,2.5352941200427703,1033.15,0.9679136621013404,2.8750612633917,0.9812321330088193,0.8106961191690542,346.45875,2.5396515341460617,,interior,5,2.6402416229248047,2.5352941200427703,436.7587586002121,27.334915043793618
1988,CMSX2 31,760.0,750.0,430.0,9.904,35.24,0.3,0.36244,64.959,31.316,-0.375,0.466069,0.992123484,2.6334684555795866,1033.15,0.9679136621013404,2.8750612633917,0.9850973208386125,0.8167422735612874,349.55175,2.543511480727481,,interior,7,2.592914581298828,2.6334684555795866,391.66483539249106,8.915154559885801
1988,CMSX2 32,760.0,750.0,569.0,2.872,42.532,0.3,0.36244,64.959,31.316,-0.375,0.425103,0.997911094,2.7551122663950713,1033.15,0.9679136621013404,2.8750612633917,0.9987439623008104,0.736899901088385,318.82725,2.503555433234966,,near_001,9,2.4945201873779297,2.7551122663950713,312.26275524318675,45.12078115233976
1988,CMSX2 33,760.0,750.0,780.0,13.149,31.852,0.3,0.36244,64.959,31.316,-0.375,0.477775,0.999053948,2.8920946026904804,1033.15,0.9679136621013404,2.8750612633917,0.9737817763594336,0.8494140931209154,358.33125,2.5542846845567038,,interior,1,2.4732112884521484,2.8920946026904804,297.3112127651315,61.88317785062417
1988,CMSX2 34,760.0,750.0,3.5,38.379,6.622,0.3,0.36244,64.959,31.316,-0.375,0.450053,0.997882472,0.5440680443502757,1033.15,0.9679136621013404,2.8750612633917,0.783921067233564,0.9933285596750117,337.53974999999997,2.528324924394079,,interior,3,1.180562973022461,0.5440680443502757,15.155245399513504,333.0070114146715
1988,CMSX2 36,760.0,750.0,1138.0,1.988,43.177,0.45,0.36244,64.959,31.316,-0.375,0.420877,0.999156523,3.056142262059052,1033.15,0.9679136621013404,2.8750612633917,0.9993981144334457,0.7292433635003961,315.65775,2.4992164565523836,,near_001,5,2.942310333251953,3.056142262059052,875.6092347038277,23.057184999663644
1988,CMSX2 37,760.0,750.0,759.0,5.813,40.111,0.45,0.36244,64.959,31.316,-0.375,0.440021,0.99158222,2.88024177589548,1033.15,0.9679136621013404,2.8750612633917,0.9948577542740802,0.7647977239627628,330.01574999999997,2.5185346670744466,,near_001,2,2.8157730102539062,2.88024177589548,654.2941092261636,13.79524252619715
1988,CMSX2 38,760.0,750.0,664.0,14.188,30.837,0.45,0.36244,64.959,31.316,-0.375,0.481789,0.994835914,2.8221680793680175,1033.15,0.9679136621013404,2.8750612633917,0.9694967056912042,0.8586290549969655,361.34175,2.5579181435417033,,interior,0,3.0809154510498047,2.8221680793680175,1204.8013654207068,81.44598876817874
1988,CMSX2 39,760.0,750.0,550.0,13.324,34.054,0.45,0.36244,64.959,31.316,-0.375,0.469364,0.959613434,2.7403626894942437,1033.15,0.9679136621013404,2.8750612633917,0.9730824243945284,0.8285101775355678,352.023,2.5465710397473362,,interior,8,2.7921485900878906,2.7403626894942437,619.6530477249358,12.664190495442881
1988,CMSX2 40,760.0,750.0,484.0,22.873,29.201,0.45,0.36244,64.959,31.316,-0.375,0.472135,0.895102036,2.6848453616444123,1033.15,0.9679136621013404,2.8750612633917,0.921368673618376,0.8729135623795168,354.10125,2.549127459848041,,interior,3,2.542387008666992,2.6848453616444123,348.64786386680566,27.965317382891392
1988,CMSX2 41,760.0,750.0,30.0,34.882,13.344,0.45,0.36244,64.959,31.316,-0.375,0.48403,0.873354957,1.4771212547196624,1033.15,0.9679136621013404,2.8750612633917,0.8203315803252228,0.9730019203178208,363.02250000000004,2.559933543281335,,interior,9,1.708120346069336,1.4771212547196624,51.06464841199693,70.21549470665643
1988,CMSX2 42,760.0,750.0,8.0,36.585,19.141,0.45,0.36244,64.959,31.316,-0.375,0.466967,0.751496358,0.9030899869919435,1033.15,0.9679136621013404,2.8750612633917,0.8029735389844671,0.9447145180233107,350.22525,2.5443474539700315,,interior,5,1.2016620635986328,0.9030899869919435,15.909702678432025,98.87128348040031
1988,CMSX2 43,760.0,750.0,8.0,38.673,25.935,0.45,0.36244,64.959,31.316,-0.375,0.421864,0.832088066,0.9030899869919435,1033.15,0.9679136621013404,2.8750612633917,0.7807249593342367,0.8992907841054398,316.398,2.5002337295926775,,interior,6,1.2565841674804688,0.9030899869919435,18.054446034217698,125.68057542772122
1988,CMSX2 44,760.0,750.0,23.0,46.866,27.164,0.45,0.36244,64.959,31.316,-0.375,0.374081,0.903691981,1.3617278360175928,1033.15,0.9679136621013404,2.8750612633917,0.6837069403693632,0.8897034008065748,280.56075,2.4480269138387514,,interior,1,1.0555591583251953,1.3617278360175928,11.364730941679039,50.58812634052592
1988,CMSX2 46,760.0,750.0,32.0,50.374,28.274,0.45,0.36244,64.959,31.316,-0.375,0.350272,0.972941029,1.505149978319906,1033.15,0.9679136621013404,2.8750612633917,0.6377735719255114,0.8806923972522377,262.70399999999995,2.4194666855180924,,interior,8,1.4547290802001953,1.505149978319906,28.49240311615267,10.961240262022908
1988,CMSX2 47,760.0,750.0,28.0,51.3,30.244,0.45,0.36244,64.959,31.316,-0.375,0.331,0.974513595,1.4471580313422192,1033.15,0.9679136621013404,2.8750612633917,0.6252426563357052,0.863888255555303,248.25,2.394889257167419,,near_111,1,1.4661140441894531,1.4471580313422192,29.249203507077656,4.461441096705914
1988,CMSX2 48,760.0,750.0,36.0,53.108,32.54,0.45,0.36244,64.959,31.316,-0.375,0.304046,0.992609671,1.5563025007672873,1033.15,0.9679136621013404,2.8750612633917,0.6003085624313499,0.8430161344245704,228.03449999999998,2.358000557641444,,near_111,6,1.9793281555175781,1.5563025007672873,95.35163745882312,164.86565960784202
1988,CMSX2 49,760.0,750.0,21.0,45.039,17.963,0.45,0.36244,64.959,31.316,-0.375,0.429625,0.932785569,1.3222192947339193,1033.15,0.9679136621013404,2.8750612633917,0.7066253050959692,0.9512558724437722,322.21875,2.508150808536982,,interior,0,1.2657527923583984,1.3222192947339193,18.43965504562263,12.19211883036843
1988,CMSX2 50,760.0,750.0,15.0,42.781,8.525,0.45,0.36244,64.959,31.316,-0.375,0.449037,0.920672461,1.1760912590556813,1033.15,0.9679136621013404,2.8750612633917,0.7339551354245869,0.9889512751943923,336.77775,2.52734339110724,,interior,7,1.3323383331298828,1.1760912590556813,21.49504373680569,43.30029157870461
1988,CMSX2 52,760.0,750.0,44.0,44.093,2.147,0.45,0.36244,64.959,31.316,-0.375,0.423462,0.969140088,1.6434526764861874,1033.15,0.9679136621013404,2.8750612633917,0.7182113141907608,0.9992979985498156,317.5965,2.5018757077378604,,near_011,5,1.289144515991211,1.6434526764861874,19.460075280737755,55.772556180141464
mackay,MARM 247 01,774.0,724.0,179.0,3.0,42.0,0.23,0.36237,65.455,28.681,-0.392,0.428467,1.0,2.2528530309798933,1047.15,0.9549730220121281,2.859738566197147,0.9986295347545738,0.7431448254773942,310.210108,2.491655944918921,,near_001,7,1.8666210174560547,2.2528530309798933,73.55649342891698,58.90698691121956
mackay,B ,774.0,724.0,26.0,7.0,38.5,0.23,0.36237,65.455,28.681,-0.392,0.449715,0.9911922,1.414973347970818,1047.15,0.9549730220121281,2.859738566197147,0.992546151641322,0.7826081568524139,325.59366,2.512675939663654,,interior,0,1.4879436492919922,1.414973347970818,30.756977099961787,18.296065769083796
mackay,C,774.0,724.0,21.0,10.0,36.0,0.23,0.36237,65.455,28.681,-0.392,0.462535,0.980572281,1.3222192947339193,1047.15,0.9549730220121281,2.859738566197147,0.984807753012208,0.8090169943749475,334.87534,2.5248831675570607,,interior,9,1.6401538848876953,1.3222192947339193,43.667053163163274,107.9383483960156
mackay,E,774.0,724.0,20.0,28.0,17.0,0.3,0.36237,65.455,28.681,-0.392,0.487496,1.0,1.3010299956639813,1047.15,0.9549730220121281,2.859738566197147,0.882947592858927,0.9563047559630354,352.94710399999997,2.5477096227751805,,interior,8,1.1375713348388672,1.3010299956639813,13.726864124619008,31.365679376904964
mackay,F,774.0,724.0,138.0,45.0,28.0,0.3,0.36237,65.455,28.681,-0.392,0.376596,0.857510436,2.1398790864012365,1047.15,0.9549730220121281,2.859738566197147,0.7071067811865476,0.882947592858927,272.655504,2.435614269060073,,interior,9,2.1279525756835938,2.1398790864012365,134.2618341191512,2.7088158556875443
mackay,H,774.0,724.0,1.0,39.0,7.0,0.3,0.36237,65.455,28.681,-0.392,0.45906,0.933989021,0.0,1047.15,0.9549730220121281,2.859738566197147,0.7771459614569709,0.992546151641322,332.35944,2.5216080185447503,,interior,6,-0.06788825988769531,0.0,0.8552867422588382,14.471325774116185
mackay,I,774.0,724.0,0.5,43.0,6.5,0.3,0.36237,65.455,28.681,-0.392,0.444032,0.931200904,-0.3010299956639812,1047.15,0.9549730220121281,2.859738566197147,0.7313537016191705,0.9935718556765875,321.47916799999996,2.507152835687075,,near_011,5,-0.05005455017089844,-0.3010299956639812,0.8911389983330278,78.22779966660556
mackay,J,774.0,724.0,14.0,8.0,39.5,0.3,0.36237,65.455,28.681,-0.392,0.441365,0.994294971,1.146128035678238,1047.15,0.9549730220121281,2.859738566197147,0.9902680687415704,0.77162458338772,319.54826,2.5045364570763886,,interior,7,1.9139518737792969,1.146128035678238,82.02606423411986,485.90045881514186
mackay,K,774.0,724.0,26.0,9.5,36.0,0.3,0.36237,65.455,28.681,-0.392,0.462839,0.986565523,1.414973347970818,1047.15,0.9549730220121281,2.859738566197147,0.9862856015372314,0.8090169943749475,335.095436,2.5251685127845,,interior,1,1.65191650390625,1.414973347970818,44.8659123846058,72.56120147925309
mackay,L,774.0,724.0,41.0,5.5,40.5,0.3,0.36237,65.455,28.681,-0.392,0.437585,0.992118103,1.6127838567197355,1047.15,0.9549730220121281,2.859738566197147,0.9953961983671789,0.7604059656000309,316.81154,2.5008009925735237,,near_001,2,1.6053943634033203,1.6127838567197355,40.308288974368,1.6871000625170804
mackay,M,774.0,724.0,53.0,10.5,35.0,0.3,0.36237,65.455,28.681,-0.392,0.467578,0.984659244,1.724275869600789,1047.15,0.9549730220121281,2.859738566197147,0.9832549075639546,0.8191520442889918,338.526472,2.5295926351895752,,interior,3,1.6953144073486328,1.724275869600789,49.58090016737857,6.45113175966307
mackay,O,774.0,724.0,59.0,2.0,43.5,0.3,0.36237,65.455,28.681,-0.392,0.418574,0.998824581,1.7708520116421442,1047.15,0.9549730220121281,2.859738566197147,0.9993908270190958,0.7253743710122877,303.047576,2.4815108145495124,,near_001,4,1.9380474090576172,1.7708520116421442,86.70565214208315,46.958732444208735
mackay,P,774.0,724.0,74.0,4.0,42.0,0.3,0.36237,65.455,28.681,-0.392,0.428166,0.995429343,1.8692317197309762,1047.15,0.9549730220121281,2.859738566197147,0.9975640502598242,0.7431448254773942,309.992184,2.491350743871488,,near_001,4,1.864877700805664,1.8692317197309762,73.26181956520601,0.9975411280999852
mackay,Q,774.0,724.0,80.0,5.5,41.0,0.3,0.36237,65.455,28.681,-0.392,0.433947,0.991427525,1.9030899869919435,1047.15,0.9549730220121281,2.859738566197147,0.9953961983671789,0.754709580222772,314.177628,2.4971752565089473,,near_001,3,1.7384815216064453,1.9030899869919435,54.76228001710211,31.547149978622368
mackay,R,774.0,724.0,82.0,7.5,39.0,0.45,0.36237,65.455,28.681,-0.392,0.445864,0.985441749,1.9138138523837167,1047.15,0.9549730220121281,2.859738566197147,0.9914448613738104,0.7771459614569709,322.80553599999996,2.5089409741096227,,interior,2,2.0491676330566406,1.9138138523837167,111.98700580007562,36.5695192683849
mackay,T,774.0,724.0,98.0,5.0,40.0,0.45,0.36237,65.455,28.681,-0.392,0.440593,1.0,1.9912260756924949,1047.15,0.9549730220121281,2.859738566197147,0.9961946980917455,0.766044443118978,318.989332,2.5037761591355387,,near_001,1,1.9995613098144531,1.9912260756924949,99.89903885192854,1.9377947468658545
mackay,U,774.0,724.0,109.0,1.5,43.5,0.45,0.36237,65.455,28.681,-0.392,0.418652,1.0,2.037426497940624,1047.15,0.9549730220121281,2.859738566197147,0.9996573249755573,0.7253743710122877,303.10404800000003,2.481591736474265,,near_001,0,2.0854854583740234,2.037426497940624,121.7546224659239,11.701488500847617
mackay,V,774.0,724.0,141.0,2.0,43.0,0.45,0.36237,65.455,28.681,-0.392,0.42199,1.0,2.1492191126553797,1047.15,0.9549730220121281,2.859738566197147,0.9993908270190958,0.7313537016191705,305.52076,2.48504072569845,,near_001,8,2.156911849975586,2.1492191126553797,143.51980974219336,1.7870991079385528
1988,CMSX-4 01,760.0,750.0,1900.0,0.0,45.0,0.34,0.36289,64.865,23.096,-0.776,0.408248,1.0,3.278753600952829,1033.15,0.9679136621013404,2.8750612633917,1.0,0.7071067811865476,306.186,2.485985329204346,,near_001,3,2.926654815673828,3.278753600952829,844.6072706943382,55.546985752929565
1988,CMSX-4 02,760.0,750.0,1050.0,0.0,45.0,0.22,0.36289,64.865,23.096,-0.776,0.408248,1.0,3.0211892990699383,1033.15,0.9679136621013404,2.8750612633917,1.0,0.7071067811865476,306.186,2.485985329204346,,near_001,7,3.0483779907226562,3.0211892990699383,1117.8357393351791,6.460546603350395
1988,CMSX-4 04,760.0,750.0,1000.0,54.74,35.26,0.34,0.36289,64.865,23.096,-0.776,0.272239,1.0,3.0,1033.15,0.9679136621013404,2.8750612633917,0.5772877120855479,0.8165408118857462,204.17925,2.310011604213219,,near_111,9,2.8982200622558594,3.0,791.0793759273541,20.892062407264586
1988,CMSX-4 05,760.0,750.0,1800.0,54.74,35.26,0.22,0.36289,64.865,23.096,-0.776,0.272239,1.0,3.255272505103306,1033.15,0.9679136621013404,2.8750612633917,0.5772877120855479,0.8165408118857462,204.17925,2.310011604213219,,near_111,3,3.259092330932617,3.255272505103306,1815.9016821250789,0.8834267847266044
Gunturi et al.,CMSX-04 -6,750.0,750.0,118.0,34.0,27.237,0.45,0.36281,65.132,22.611,-0.788,0.435688,0.895569766,2.0718820073061255,1023.15,0.977373796608513,2.8750612633917,0.8290375725550417,0.8891210068973023,326.766,2.5142368618733526,,interior,3,1.6543006896972656,2.0718820073061255,45.11289417028636,61.76873375399462
Gunturi et al.,CMSX-04 -7,750.0,720.0,110.0,47.9,23.22,0.45,0.36281,65.132,22.611,-0.788,0.393607,0.961268473,2.041392685158225,1023.15,0.977373796608513,2.8573324964312685,0.6704266189587992,0.9189977715934213,283.39704,2.4523953098550555,,interior,2,2.190837860107422,2.041392685158225,155.1807548570259,41.07341350638718
Gunturi et al.,CMSX-04 -8,750.0,675.0,40.0,42.2,15.574,0.45,0.36281,65.132,22.611,-0.788,0.450147,0.880163591,1.6020599913279623,1023.15,0.977373796608513,2.829303772831025,0.7408045962867501,0.9632844995692251,303.849225,2.4826581329701454,,interior,1,1.4390010833740234,1.6020599913279623,27.479010079001938,31.302474802495155
Gunturi et al.,CMSX-04 -9,750.0,750.0,5.0,42.2,15.574,0.45,0.36281,65.132,22.611,-0.788,0.450147,0.880163591,0.6989700043360189,1023.15,0.977373796608513,2.8750612633917,0.7408045962867501,0.9632844995692251,337.61025,2.5284156235308206,,interior,9,0.7183685302734375,0.6989700043360189,5.228396680774315,4.567933615486304
Gunturi et al.,CMSX-04 -10,750.0,720.0,5.0,41.3,4.443,0.45,0.36281,65.132,22.611,-0.788,0.442881,0.949679485,0.6989700043360189,1023.15,0.977373796608513,2.8573324964312685,0.7512641335035112,0.9969948944590252,318.87432,2.503619545485153,,near_011,0,0.7751541137695312,0.6989700043360189,5.958735577469887,19.17471154939774
Gunturi et al. ,CMSX-04 -11,750.0,750.0,5.0,37.5,7.505,0.45,0.36281,65.132,22.611,-0.788,0.455212,0.995162693,0.6989700043360189,1023.15,0.977373796608513,2.8750612633917,0.7933533402912352,0.991433467039611,341.409,2.533274965515733,,interior,6,0.7829532623291016,0.6989700043360189,6.0667103767655925,21.33420753531185
G.M. Han et al.,A SRR99,760.0,790.0,456.0,3.85,41.78,0.45,0.36244,65.583,27.69,-0.608,0.429871,0.996143029,2.658964842664435,1033.15,0.9679136621013404,2.8976270912904414,0.9977432534762729,0.7457086179846887,339.59809,2.530965238978296,,near_001,0,2.4968223571777344,2.658964842664435,313.92243700642837,31.157360305607813
G.M. Han et al.,B ,760.0,790.0,449.0,5.85,40.53,0.45,0.36244,65.583,27.69,-0.608,0.436978,0.990567031,2.6522463410033232,1033.15,0.9679136621013404,2.8976270912904414,0.9947921417617265,0.7600658111778442,345.21261999999996,2.53808666391507,,near_001,1,2.5427284240722656,2.6522463410033232,348.92205697181635,22.289074171087673
G.M. Han et al.,C ,760.0,790.0,435.0,9.43,35.31,0.45,0.36244,65.583,27.69,-0.608,0.4642,1.0,2.6384892569546374,1033.15,0.9679136621013404,2.8976270912904414,0.986486509099847,0.8160367224686534,366.718,2.56433222741034,,interior,2,2.649982452392578,2.6384892569546374,446.6655443278976,2.681734328252317
G.M. Han et al.,D,760.0,790.0,295.0,12.53,34.75,0.45,0.36244,65.583,27.69,-0.608,0.466454,0.963571971,2.469822015978163,1033.15,0.9679136621013404,2.8976270912904414,0.9761825457797189,0.8216469379421637,368.49866,2.5664359129395375,,interior,1,2.5405635833740234,2.469822015978163,347.18710248672335,17.69054321583842
G.M. Han et al.,E,760.0,790.0,329.0,15.79,31.23,0.45,0.36244,65.583,27.69,-0.608,0.481251,0.952166333,2.5171958979499744,1033.15,0.9679136621013404,2.8976270912904414,0.962265500741616,0.855092904613584,380.18829,2.579998736236153,,interior,3,2.6172218322753906,2.5171958979499744,414.21119477377806,25.90005920175625
G.M. Han et al.,F,760.0,790.0,376.0,18.39,31.38,0.45,0.36244,65.583,27.69,-0.608,0.473454,0.919354362,2.575187844927661,1033.15,0.9679136621013404,2.8976270912904414,0.9489310883417635,0.8537326119405507,374.02866,2.572904881352799,,interior,3,2.5009765625,2.575187844927661,316.9396416124784,15.70754212434085
G.M. Han et al.,G,760.0,790.0,326.0,21.36,25.36,0.45,0.36244,65.583,27.69,-0.608,0.496598,0.936246219,2.513217600067939,1033.15,0.9679136621013404,2.8976270912904414,0.9313103209992203,0.9036345259158666,392.31242,2.59363205743385,,interior,2,2.500011444091797,2.513217600067939,316.2360990429655,2.9950616432621104
G.M. Han et al.,I,760.0,790.0,118.0,25.73,27.82,0.45,0.36244,65.583,27.69,-0.608,0.469741,0.878224383,2.0718820073061255,1033.15,0.9679136621013404,2.8976270912904414,0.9008498344490616,0.8844181216774109,371.09539,2.569485559280076,,interior,3,2.0451812744140625,2.0718820073061255,110.9637881203124,5.962891423464066
G.M. Han et al.,J,760.0,790.0,135.0,29.22,15.7,0.45,0.36244,65.583,27.69,-0.608,0.484831,1.0,2.130333768495006,1033.15,0.9679136621013404,2.8976270912904414,0.8727517289450218,0.9626917464264788,383.01649000000003,2.5832174720413175,,interior,0,2.1107139587402344,2.130333768495006,129.03691122619998,4.417102795407425
G.M. Han et al.,K,760.0,790.0,4.7,43.4,2.41,0.45,0.36244,65.583,27.69,-0.608,0.42741,0.959357526,0.6720978579357175,1033.15,0.9679136621013404,2.8976270912904414,0.7265746709709759,0.9991155062010446,337.6539,2.5284717703117847,,near_011,5,0.5351791381835938,0.6720978579357175,3.42909200878702,27.040595557722984
G.M. Han et al.,M,760.0,790.0,3.0,45.87,13.53,0.45,0.36244,65.583,27.69,-0.608,0.433293,0.981061314,0.47712125471966244,1033.15,0.9679136621013404,2.8976270912904414,0.6962887112311472,0.9722475554062134,342.30147,2.5344087642021997,,interior,4,0.5042686462402344,0.47712125471966244,3.1935126899644524,6.450422998815079
G.M. Han et al.,N,760.0,790.0,11.5,42.3,24.35,0.45,0.36244,65.583,27.69,-0.608,0.414358,0.830989145,1.0606978403536116,1033.15,0.9679136621013404,2.8976270912904414,0.7396310949786098,0.9110438156205597,327.34282,2.5150028194642844,,interior,7,1.0447826385498047,1.0606978403536116,11.086198196682727,3.5982765505849867
G.M. Han et al.,P,760.0,790.0,20.0,49.26,29.73,0.45,0.36244,65.583,27.69,-0.608,0.343806,0.932616068,1.3010299956639813,1033.15,0.9679136621013404,2.8976270912904414,0.652627522488541,0.8683719738277661,271.60674,2.4339405428856686,,near_111,8,1.4516620635986328,1.3010299956639813,28.29189669289677,41.45948346448385
G.M. Han et al.,Q,760.0,790.0,10.0,42.08,29.03,0.45,0.36244,65.583,27.69,-0.608,0.382405,0.924585191,1.0,1033.15,0.9679136621013404,2.8976270912904414,0.742209818804988,0.8743657415364589,302.09995,2.4801506533940154,,interior,6,1.1837596893310547,1.0,15.267210351184932,52.67210351184932
G.M. Han et al.,A SRR99,1040.0,165.0,135.0,5.273,40.308,0.45,0.36462,56.896,40.472,-0.252,0.439109,0.993830689,2.130333768495006,1313.15,0.7615276244145756,2.2174839442139063,0.9957681162384628,0.7625780133719103,72.452985,1.8600562827309128,,near_001,8,2.118844985961914,2.130333768495006,131.4755468800343,2.6107060147894066
G.M. Han et al.,B,1040.0,165.0,148.0,6.936,39.646,0.45,0.36462,56.896,40.472,-0.252,0.442002,0.987033995,2.1702617153949575,1313.15,0.7615276244145756,2.2174839442139063,0.9926816617699123,0.7700012377275356,72.93033,1.8629081786919544,,interior,4,2.1098060607910156,2.1702617153949575,128.76743974307476,12.994973146571107
G.M. Han et al.,C,1040.0,165.0,145.0,11.067,33.993,0.45,0.36462,56.896,40.472,-0.252,0.471042,0.994102437,2.161368002234975,1313.15,0.7615276244145756,2.2174839442139063,0.9814033859173547,0.8291058846688947,77.72193,1.8905435765127037,,interior,6,2.1687755584716797,2.161368002234975,147.49440914897127,1.7202821717043255
G.M. Han et al.,D,1040.0,165.0,129.0,20.21,30.631,0.45,0.36462,56.896,40.472,-0.252,0.47238,0.909126127,2.110589710299249,1313.15,0.7615276244145756,2.2174839442139063,0.9384327425610585,0.8604664831209687,77.9427,1.8917754460395695,,interior,2,2.2426700592041016,2.110589710299249,174.85178056222762,35.54401593971133
G.M. Han et al.,E,1040.0,165.0,126.0,13.91,32.665,0.45,0.36462,56.896,40.472,-0.252,0.476651,0.963390405,2.100370545117563,1313.15,0.7615276244145756,2.2174839442139063,0.9706745390905777,0.841840638949298,78.647415,1.8956844527102874,,interior,3,2.119382858276367,2.100370545117563,131.63847979571776,4.474983964855363
G.M. Han et al.,F,1040.0,165.0,175.0,18.323,29.274,0.45,0.36462,56.896,40.472,-0.252,0.486308,0.935956225,2.2430380486862944,1313.15,0.7615276244145756,2.2174839442139063,0.9492993564986277,0.8722912573478453,80.24082,1.904395358193512,,interior,6,2.178873062133789,2.2430380486862944,150.96388445234626,13.734923170087848
G.M. Han et al.,G,1040.0,165.0,150.0,22.951,24.096,0.45,0.36462,56.896,40.472,-0.252,0.497714,0.925509429,2.1760912590556813,1313.15,0.7615276244145756,2.2174839442139063,0.9208386744787772,0.9128626818523775,82.12281,1.9144638012272346,,interior,4,2.192646026611328,2.1760912590556813,155.82819014328712,3.8854600955247447
G.M. Han et al.,H,1040.0,165.0,213.0,25.047,25.117,0.45,0.36462,56.896,40.472,-0.252,0.487873,0.876273128,2.3283796034387376,1313.15,0.7615276244145756,2.2174839442139063,0.9059608063814638,0.9054428966499647,80.499045,1.905790728148112,,interior,0,2.1404895782470703,2.3283796034387376,138.194124309678,35.12012943207606
G.M. Han et al.,I,1040.0,165.0,170.0,27.743,27.541,0.45,0.36462,56.896,40.472,-0.252,0.462929,0.884712342,2.230448921378274,1313.15,0.7615276244145756,2.2174839442139063,0.8850445164030988,0.8866801857258958,76.383285,1.8829983320511068,,interior,5,2.103799819946289,2.230448921378274,126.99885923947139,25.29478868266389
G.M. Han et al.,J,1040.0,165.0,146.0,30.282,15.272,0.45,0.36462,56.896,40.472,-0.252,0.491704,0.950421392,2.164352855784437,1313.15,0.7615276244145756,2.2174839442139063,0.8635540100249531,0.9646862559736556,81.13116,1.9091876854934142,,interior,5,2.073518753051758,2.164352855784437,118.4455511271096,18.872910186911234
G.M. Han et al.,K,1040.0,165.0,185.0,52.01,32.393,0.45,0.36462,56.896,40.472,-0.252,0.309586,0.967934597,2.2671717284030137,1313.15,0.7615276244145756,2.2174839442139063,0.6155239321273805,0.8443933827930754,51.081689999999995,1.7082652571413592,,near_111,9,2.1984100341796875,2.2671717284030137,157.91014567395717,14.64316450056369
G.M. Han et al.,L,1040.0,165.0,176.0,50.682,30.692,0.45,0.36462,56.896,40.472,-0.252,0.329826,0.955255195,2.24551266781415,1313.15,0.7615276244145756,2.2174839442139063,0.6336239504392511,0.8599235484541329,54.42129,1.7357688320641294,,near_111,7,2.309192657470703,2.24551266781415,203.79459308545768,15.792382434919135
G.M. Han et al.,M,1040.0,165.0,63.0,47.013,27.869,0.45,0.36462,56.896,40.472,-0.252,0.368275,0.900666621,1.7993405494535817,1313.15,0.7615276244145756,2.2174839442139063,0.6818324036179986,0.8840186751144842,60.765375000000006,1.7836561823993646,,interior,9,2.00665283203125,1.7993405494535817,101.54366447516976,61.180419801856765
G.M. Han et al.,N,1040.0,165.0,66.0,41.318,3.789,0.45,0.36462,56.896,40.472,-0.252,0.436644,0.981396744,1.8195439355418688,1313.15,0.7615276244145756,2.2174839442139063,0.7510567507943808,0.9978141735786068,72.04625999999999,1.8576114410345301,,near_011,1,2.0130252838134766,1.8195439355418688,103.04461093429963,56.12819838530246
G.M. Han et al.,P,1040.0,165.0,65.0,39.884,20.181,0.45,0.36462,56.896,40.472,-0.252,0.447415,0.807994815,1.8129133566428555,1313.15,0.7615276244145756,2.2174839442139063,0.7673442484293178,0.9386074763748798,73.823475,1.8681944843411387,,interior,0,1.8991737365722656,1.8129133566428555,79.2818428703808,21.972065954432
G.M. Han et al.,Q,1040.0,165.0,91.0,46.477,19.174,0.45,0.36462,56.896,40.472,-0.252,0.418268,0.95911473,1.9590413923210936,1313.15,0.7615276244145756,2.2174839442139063,0.6886457041592324,0.9445255079491454,69.01422,1.8389385839438903,,interior,2,1.9992256164550781,1.9590413923210936,99.82185047430589,9.694341180555924
G.M. Han et al.,R,1040.0,165.0,143.0,32.566,17.848,0.45,0.36462,56.896,40.472,-0.252,0.487497,0.839270806,2.155336037465062,1313.15,0.7615276244145756,2.2174839442139063,0.8427719616785531,0.95187295995175,80.437005,1.9054558916588114,,interior,7,2.1432743072509766,2.155336037465062,139.08308245496002,2.7391031783496356
G.M. Han et al.,[001],1040.0,165.0,135.0,0.0,45.0,0.45,0.36462,56.896,40.472,-0.252,0.408248,1.0,2.130333768495006,1313.15,0.7615276244145756,2.2174839442139063,1.0,0.7071067811865476,67.36092,1.8284080100265523,,near_001,9,2.4815597534179688,2.130333768495006,303.08172711570313,124.50498304866899
G.M. Han et al.,[011],1040.0,165.0,131.0,45.0,0.0,0.45,0.36462,56.896,40.472,-0.252,0.408248,1.0,2.1172712956557644,1313.15,0.7615276244145756,2.2174839442139063,0.7071067811865476,1.0,67.36092,1.8284080100265523,,near_011,1,2.1108932495117188,2.1172712956557644,129.0901928230164,1.4578680740332866
G.M. Han et al.,[111],1040.0,165.0,185.0,54.736,35.264,0.45,0.36462,56.896,40.472,-0.252,0.272172,1.0,2.2671717284030137,1313.15,0.7615276244145756,2.2174839442139063,0.5773447159812638,0.8165005076106897,44.90838,1.6523273888469412,,near_111,8,2.225933074951172,2.2671717284030137,168.24147799329745,9.058660544163539
Wang et al.,SC 1,900.0,445.0,234.5,0.0,45.0,0.45,0.36404,60.373,26.503,-0.748,0.408248,1.0,2.370142847051102,1173.15,0.8524059156970548,2.6483600109809315,1.0,0.7071067811865476,181.67036,2.2592840767935773,,near_001,4,2.278238296508789,2.370142847051102,189.7746925507919,19.072625777913895
Wang et al.,SC 3,900.0,445.0,127.1,54.736,35.264,0.45,0.36404,60.373,26.503,-0.748,0.272172,1.0,2.104145550554008,1173.15,0.8524059156970548,2.6483600109809315,0.5773447159812638,0.8165005076106897,121.11654000000001,2.0832034556139667,,near_111,3,2.3663158416748047,2.104145550554008,232.44266265012098,82.88171726996144
Wang et al.,SC 4,1100.0,100.0,395.7,0.0,45.0,0.45,0.36588,53.272,38.227,-0.493,0.408248,1.0,2.597366050266028,1373.15,0.7282525579871099,2.0,1.0,0.7071067811865476,40.8248,1.610924065812646,,near_001,5,2.5383949279785156,2.597366050266028,345.4577403638545,12.697058285606644
Wang et al.,SC 6,1100.0,100.0,522.6,54.736,35.264,0.45,0.36588,53.272,38.227,-0.493,0.272172,1.0,2.718169405391307,1373.15,0.7282525579871099,2.0,0.5773447159812638,0.8165005076106897,27.217200000000002,1.434843444633035,,near_111,6,2.650056838989258,2.718169405391307,446.7420564106818,14.515488631710335
CMSX4_Table1_Lukas,I- CMSX-4,850.0,500.0,79.9,45.0,0.0,0.45,0.36355,62.358,27.775,-0.673,0.408248,1.0,1.9025467793139914,1123.15,0.8903530249744023,2.6989700043360187,0.7071067811865476,1.0,204.124,2.309894070148665,,near_011,8,1.7536869049072266,1.9025467793139914,56.71355940099205,29.019324904891057
CMSX4_Table1_Lukas,R,980.0,350.0,27.8,54.7356,35.2644,0.45,0.36434,59.283,33.255,-0.553,0.272166,1.0,1.4440447959180762,1253.15,0.7979890675497745,2.5440680443502757,0.577350416216075,0.8164964769643069,95.25810000000001,1.9789019149065732,,near_111,7,1.9640274047851562,1.4440447959180762,92.05076556563574,231.11786174689115
Lukas et al,Fig2a_CM186LC_1,850.0,501.0,65.0,45.0,0.0,0.4,0.36329,63.262,29.363,-0.715,0.408248,1.0,1.8129133566428555,1123.15,0.8903530249744023,2.699837725867246,0.7071067811865476,1.0,204.532248,2.3107617916798917,,near_011,0,1.7520732879638672,1.8129133566428555,56.50323169728429,13.071951234947242
Lukas et al,Fig2a_CM186LC_2,850.0,401.0,568.0,45.0,0.0,0.4,0.36329,63.262,29.363,-0.715,0.408248,1.0,2.754348335711019,1123.15,0.8903530249744023,2.603144372620182,0.7071067811865476,1.0,163.707448,2.2140684384328284,,near_011,6,2.802509307861328,2.754348335711019,634.6135019626972,11.727729218784724
Lukas et al,Fig2a_CM186LC_3,850.0,349.0,1864.0,45.0,0.0,0.4,0.36329,63.262,29.363,-0.715,0.408248,1.0,3.2704459080179626,1123.15,0.8903530249744023,2.5428254269591797,0.7071067811865476,1.0,142.478552,2.153749492771826,,near_011,1,3.106304168701172,3.2704459080179626,1277.3331069055037,31.473545766872125
Lukas et al,Fig2a_CMSX4_1,850.0,552.0,51.0,45.0,0.0,0.5,0.36355,62.358,27.775,-0.673,0.408248,1.0,1.7075701760979363,1123.15,0.8903530249744023,2.741939077729199,0.7071067811865476,1.0,225.352896,2.352863143541845,,near_011,8,1.482564926147461,1.7075701760979363,30.378402089731146,40.43450570640952
Lukas et al,Fig2a_CMSX4_2,850.0,501.0,198.0,45.0,0.0,0.5,0.36355,62.358,27.775,-0.673,0.408248,1.0,2.296665190261531,1123.15,0.8903530249744023,2.699837725867246,0.7071067811865476,1.0,204.532248,2.3107617916798917,,near_011,3,2.4329833984375,2.296665190261531,271.00880327025527,36.873132964775394
Lukas et al,Fig2a_CMSX4_3,850.0,451.0,667.0,45.0,0.0,0.5,0.36355,62.358,27.775,-0.673,0.408248,1.0,2.824125833916549,1123.15,0.8903530249744023,2.6541765418779604,0.7071067811865476,1.0,184.119848,2.2651006076906066,,near_011,5,2.7660865783691406,2.824125833916549,583.5614280197489,12.50953103152191
Lukas et al,Fig2a_CMSX4_4,850.0,400.0,1636.0,45.0,0.0,0.5,0.36355,62.358,27.775,-0.673,0.408248,1.0,3.2137832993353044,1123.15,0.8903530249744023,2.6020599913279625,0.7071067811865476,1.0,163.2992,2.2129840571406083,,near_011,2,3.1704063415527344,3.2137832993353044,1480.4929428456198,9.505321341954778
Lukas et al,Fig2a_CMSX4_5,850.0,379.0,2350.0,45.0,0.0,0.5,0.36355,62.358,27.775,-0.673,0.408248,1.0,3.3710678622717363,1123.15,0.8903530249744023,2.578639209968072,0.7071067811865476,1.0,154.725992,2.1895632757807184,,near_011,0,3.412830352783203,3.3710678622717363,2587.202086353515,10.093705802277231
Lukas et al,Fig2b_CM186LC_2,850.0,651.0,32.0,54.7356,35.2644,0.4,0.36329,63.262,29.363,-0.715,0.272166,1.0,1.505149978319906,1123.15,0.8903530249744023,2.813580988568192,0.577350416216075,0.8164964769643069,177.180066,2.2484148591244897,,near_111,7,1.6127090454101562,1.505149978319906,40.99293797261258,28.102931164414315
Lukas et al,Fig2b_CM186LC_3,850.0,553.0,203.0,54.7356,35.2644,0.4,0.36329,63.262,29.363,-0.715,0.272166,1.0,2.307496037913213,1123.15,0.8903530249744023,2.7427251313046983,0.577350416216075,0.8164964769643069,150.507798,2.177559001860996,,near_111,4,2.321290969848633,2.307496037913213,209.55159453573498,3.227386470805408
Lukas et al,Fig2b_CM186LC_4,850.0,503.0,492.0,54.7356,35.2644,0.4,0.36329,63.262,29.363,-0.715,0.272166,1.0,2.69196510276736,1123.15,0.8903530249744023,2.7015679850559273,0.577350416216075,0.8164964769643069,136.89949800000002,2.136401855612225,,near_111,5,2.837869644165039,2.69196510276736,688.4456246555403,39.92797249096348
Lukas et al,Fig2b_CM186LC_5,850.0,455.0,1140.0,54.7356,35.2644,0.4,0.36329,63.262,29.363,-0.715,0.272166,1.0,3.0569048513364727,1123.15,0.8903530249744023,2.6580113966571126,0.577350416216075,0.8164964769643069,123.83553,2.09284526721341,,near_111,3,3.1466808319091797,3.0569048513364727,1401.783139107956,22.96343325508386
Lukas et al,Fig2b_CM186LC_6,850.0,405.0,3097.0,54.7356,35.2644,0.4,0.36329,63.262,29.363,-0.715,0.272166,1.0,3.490941205356787,1123.15,0.8903530249744023,2.6074550232146687,0.577350416216075,0.8164964769643069,110.22723,2.0422888937709662,,near_111,8,3.6792945861816406,3.490941205356787,4778.532963015728,54.295542880714486
Lukas et al,Fig2b_CMSX4_1,850.0,602.0,54.0,54.7356,35.2644,0.5,0.36355,62.358,27.775,-0.673,0.272166,1.0,1.7323937598229686,1123.15,0.8903530249744023,2.7795964912578244,0.577350416216075,0.8164964769643069,163.84393200000002,2.2144303618141223,,near_111,9,1.831533432006836,1.7323937598229686,67.84743474708108,25.643397679779778
Lukas et al,Fig2b_CMSX4_2,850.0,601.0,73.0,54.7356,35.2644,0.5,0.36355,62.358,27.775,-0.673,0.272166,1.0,1.863322860120456,1123.15,0.8903530249744023,2.7788744720027396,0.577350416216075,0.8164964769643069,163.57176600000003,2.213708342559037,,near_111,1,1.7749156951904297,1.863322860120456,59.554652541289,18.418284190015065
Lukas et al,Fig2b_CMSX4_3,850.0,601.0,82.0,54.7356,35.2644,0.5,0.36355,62.358,27.775,-0.673,0.272166,1.0,1.9138138523837167,1123.15,0.8903530249744023,2.7788744720027396,0.577350416216075,0.8164964769643069,163.57176600000003,2.213708342559037,,near_111,2,1.8795490264892578,1.9138138523837167,75.7790273210781,7.5865520474657275
Lukas et al,Fig2b_CMSX4_4,850.0,503.0,602.0,54.7356,35.2644,0.5,0.36355,62.358,27.775,-0.673,0.272166,1.0,2.7795964912578244,1123.15,0.8903530249744023,2.7015679850559273,0.577350416216075,0.8164964769643069,136.89949800000002,2.136401855612225,,near_111,6,2.716461181640625,2.7795964912578244,520.5484787583194,13.530153030179493
Lukas et al,Fig2b_CMSX4_5,850.0,479.0,754.0,54.7356,35.2644,0.5,0.36355,62.358,27.775,-0.673,0.272166,1.0,2.877371345869774,1123.15,0.8903530249744023,2.680335513414563,0.577350416216075,0.8164964769643069,130.367514,2.1151693839708607,,near_111,4,2.7602996826171875,2.877371345869774,575.8371536643562,23.629024712950113
Lukas et al,Fig2b_CMSX4_6,850.0,454.0,3008.0,54.7356,35.2644,0.5,0.36355,62.358,27.775,-0.673,0.272166,1.0,3.4782778319196046,1123.15,0.8903530249744023,2.6570558528571038,0.577350416216075,0.8164964769643069,123.563364,2.0918897234134013,,near_111,9,3.117055892944336,3.4782778319196046,1309.3504232780992,56.47106305591425
Lukas et al,Fig2b_CMSX4_7,850.0,455.0,4137.0,54.7356,35.2644,0.5,0.36355,62.358,27.775,-0.673,0.272166,1.0,3.616685520895512,1123.15,0.8903530249744023,2.6580113966571126,0.577350416216075,0.8164964769643069,123.83553,2.09284526721341,,near_111,7,3.3942394256591797,3.616685520895512,2478.7882318940638,40.08246961822422
leng et al,A,800.0,760.0,175.0,1.5,44.2,0.45,0.36334,64.982,23.772,-0.9,0.416986,0.999388469,2.2430380486862944,1073.15,0.9318361831989935,2.8808135922807914,0.9996573249755573,0.7169106076504828,316.90936,2.5009350663796965,,near_001,8,2.1354618072509766,2.2430380486862944,136.60349384888374,21.940860657780718
leng et al,C,800.0,760.0,85.0,14.7,46.5,0.45,0.36334,64.982,23.772,-0.9,0.482763,0.997334096,1.9294189257142926,1073.15,0.9318361831989935,2.8808135922807914,0.9672677527758768,0.6883545756937539,366.89988,2.5645475697135756,,interior,7,2.118223190307617,1.9294189257142926,131.28744311152573,54.455815425324396
leng et al,D,1100.0,137.0,200.0,1.5,44.2,0.45,0.36611,54.119,39.056,-0.599,0.416986,0.999388469,2.3010299956639813,1373.15,0.7282525579871099,2.1367205671564067,0.9996573249755573,0.7169106076504828,57.127082,1.756842041255312,,near_001,0,2.27001953125,2.3010299956639813,186.21708810084974,6.891455949575132
leng et al,F,1100.0,137.0,190.0,14.7,46.5,0.45,0.36611,54.119,39.056,-0.599,0.482763,0.997334096,2.278753600952829,1373.15,0.7282525579871099,2.1367205671564067,0.9672677527758768,0.6883545756937539,66.138531,1.820454544589191,,interior,9,2.342151641845703,2.278753600952829,219.8627429673252,15.717233140697475
