paper_id,spec_no,T_C,stress_MPa,t_rupture_h,theta_from_001_deg,theta_from_011_deg,Gamma_prime_size,L,G,SFE,Misfit,Schmid1_110,MultislipPropensity_110,y_log10,T_K,Inv_T_K,Log_Stress,cos_001,cos_011,RSS_110,Log_RSS_110,Unnamed: 22,orientation_zone,cv_fold,SVR_Actual_Log10_t_rupture_h,SVR_Pred_Log10_t_rupture_h,SVR_Pred_t_rupture_h,SVR_APE_%
1988,CMSX2 1,1050.0,120.0,705.0,1.43,43.752,0.3,0.36476,56.167,42.244,-0.225,0.416961,0.999484364,2.848189116991399,1323.15,0.7557722102558289,2.0791812460476247,0.9996885600862851,0.7223398232603833,50.035320000000006,1.6992766816523555,,near_001,1,2.848189116991399,2.6674854939696417,465.03484310668097,34.037610906853764
1988,CMSX2 2,1050.0,120.0,468.0,3.858,41.698,0.3,0.36476,56.167,42.244,-0.225,0.430445,0.996273624,2.670245853074124,1323.15,0.7557722102558289,2.0791812460476247,0.9977338685928386,0.7466614027504546,51.653400000000005,1.7130989135156585,,near_001,3,2.670245853074124,2.7591919120947654,574.3702168484587,22.728678813773218
1988,CMSX2 3,1050.0,120.0,327.0,16.09,29.424,0.3,0.36476,56.167,42.244,-0.225,0.488234,0.973621255,2.514547752660286,1323.15,0.7557722102558289,2.0791812460476247,0.9608275400614866,0.8710081054113121,58.58808,1.767809265901899,,interior,6,2.514547752660286,2.582991559179511,382.81730291941926,17.06951159615268
1988,CMSX2 4,1050.0,120.0,536.0,38.83,6.17,0.3,0.36476,56.167,42.244,-0.225,0.447156,1.0,2.72916478969277,1323.15,0.7557722102558289,2.0791812460476247,0.7790097691280882,0.994207376024082,53.65872,1.7296403085974354,,interior,9,2.72916478969277,2.4317002014930984,270.2092434467988,49.58782771514948
1988,CMSX2 5,1050.0,120.0,191.0,41.982,20.176,0.3,0.36476,56.167,42.244,-0.225,0.437188,0.851054924,2.2810333672477277,1323.15,0.7557722102558289,2.0791812460476247,0.7433550023809324,0.938637578592876,52.46256,1.7198494789105927,,interior,7,2.2810333672477277,2.058449440048544,114.40616820152917,40.101482617000435
1988,CMSX2 6,1050.0,120.0,286.0,47.064,20.343,0.3,0.36476,56.167,42.244,-0.225,0.410947,0.964630475,2.456366033129043,1323.15,0.7557722102558289,2.0791812460476247,0.6811810048375779,0.9376282982244536,49.31364,1.6929670604011342,,interior,5,2.456366033129043,2.5491728686572155,354.1382759291719,23.824572003206967
1988,CMSX2 7,1050.0,120.0,474.0,51.269,29.881,0.3,0.36476,56.167,42.244,-0.225,0.334074,0.977642678,2.6757783416740852,1323.15,0.7557722102558289,2.0791812460476247,0.6256648182850825,0.8670620060620555,40.088879999999996,1.6030239231346746,,near_111,4,2.6757783416740852,2.7149168781526507,518.7007526315856,9.43053852987038
1988,CMSX2 8,1050.0,120.0,682.0,52.168,32.413,0.3,0.36476,56.167,42.244,-0.225,0.308791,0.971443468,2.833784374656479,1323.15,0.7557722102558289,2.0791812460476247,0.6133482638486748,0.844206328526606,37.054919999999996,1.5688458799804386,,near_111,2,2.833784374656479,2.7167771629640014,520.9273540504438,23.61769002192906
1988,CMSX2 9,1050.0,120.0,1055.0,1.635,43.605,0.45,0.36476,56.167,42.244,-0.225,0.417954,0.999298966,3.0232524596337114,1323.15,0.7557722102558289,2.0791812460476247,0.9995928721775056,0.7241116780219804,50.15448,1.7003097320200495,,near_001,4,3.0232524596337114,2.479183759353629,301.4281161710362,71.42861458094444
1988,CMSX2 10,1050.0,120.0,347.0,11.943,33.163,0.45,0.36476,56.167,42.244,-0.225,0.474645,0.991416743,2.5403294747908736,1323.15,0.7557722102558289,2.0791812460476247,0.9783539550452257,0.8371177398613151,56.9574,1.7555501563411469,,interior,0,2.5403294747908736,2.7264333549259323,532.6394813513635,53.49840961134396
1988,CMSX2 11,1050.0,120.0,505.0,14.94,31.252,0.45,0.36476,56.167,42.244,-0.225,0.482413,0.964387361,2.7032913781186614,1323.15,0.7557722102558289,2.0791812460476247,0.9661963312817148,0.8548937615492558,57.889559999999996,1.762600248646122,,interior,6,2.7032913781186614,2.5778659107777036,378.3257579072404,25.08400833519992
1988,CMSX2 12,1050.0,120.0,152.0,35.359,13.165,0.45,0.36476,56.167,42.244,-0.225,0.482572,0.866975291,2.1818435879447726,1323.15,0.7557722102558289,2.0791812460476247,0.8155421119090891,0.9737182128245837,57.90864,1.7627433655303173,,interior,5,2.1818435879447726,2.4562943129482573,285.9527733393805,88.1268245653819
1988,CMSX2 13,1050.0,120.0,205.0,37.077,19.08,0.45,0.36476,56.167,42.244,-0.225,0.464937,0.757487574,2.311753861055754,1323.15,0.7557722102558289,2.0791812460476247,0.7978260077619372,0.9450630751798048,55.79244,1.746575355053742,,interior,0,2.311753861055754,2.1551742528557525,142.94673915641297,30.269883338335134
1988,CMSX2 14,1050.0,120.0,258.0,47.965,22.904,0.45,0.36476,56.167,42.244,-0.225,0.394915,0.965541952,2.41161970596323,1323.15,0.7557722102558289,2.0791812460476247,0.669584442826296,0.9211582373443571,47.3898,1.6756848758426874,,interior,7,2.41161970596323,2.5949828514597133,393.53453605482923,52.532765912724514
1988,CMSX2 15,1050.0,120.0,382.0,45.578,26.865,0.45,0.36476,56.167,42.244,-0.225,0.382192,0.878809604,2.582063362911709,1323.15,0.7557722102558289,2.0791812460476247,0.6999376267441046,0.8920737398345527,45.86304,1.6614628382584624,,interior,8,2.582063362911709,2.1033873174469324,126.87829018419049,66.78578790989778
1988,CMSX2 16,1050.0,120.0,522.0,52.185,29.974,0.45,0.36476,56.167,42.244,-0.225,0.329552,0.998953124,2.717670503002262,1323.15,0.7557722102558289,2.0791812460476247,0.6131138947451263,0.8662522074128411,39.546240000000004,1.5971051976976993,,near_111,8,2.717670503002262,2.729244401283969,536.0982644865122,2.700816951439123
1988,CMSX2 17,1050.0,120.0,290.0,44.126,6.762,0.45,0.36476,56.167,42.244,-0.225,0.438501,0.962513198,2.462397997898956,1323.15,0.7557722102558289,2.0791812460476247,0.717810428625461,0.9930438181997195,52.62012,1.7211518341578635,,near_011,4,2.462397997898956,2.4853523898670864,305.740090551699,5.427617431620339
1988,CMSX2 18,1050.0,120.0,381.0,44.195,1.771,0.45,0.36476,56.167,42.244,-0.225,0.421213,0.972583942,2.5809249756756194,1323.15,0.7557722102558289,2.0791812460476247,0.7169714440529864,0.9995223307504634,50.54556,1.7036830125048998,,near_011,0,2.5809249756756194,2.4581181701445134,287.1561818553602,24.63092339754325
1988,Alloy454 1,980.0,200.0,239.0,2.508,42.765,0.5,0.3648,57.456,30.992,-0.07,0.423609,0.998531665,2.3783979009481375,1253.15,0.7979890675497745,2.3010299956639813,0.99904212142798,0.7341447746532619,84.7218,1.9279951742212775,,near_001,0,2.3783979009481375,1.986015108354111,96.83115415595967,59.484872738092186
1988,Alloy454 2,980.0,200.0,210.0,17.008,32.215,0.5,0.3648,57.456,30.992,-0.07,0.472104,0.930667819,2.322219294733919,1253.15,0.7979890675497745,2.3010299956639813,0.9562639238502447,0.8460536304477271,94.4208,1.975067675761765,,interior,1,2.322219294733919,2.328132682985913,212.8789321297884,1.3709200618040047
1988,Alloy454 3,980.0,200.0,248.0,22.836,23.232,0.5,0.3648,57.456,30.992,-0.07,0.49939,0.945457458,2.3944516808262164,1253.15,0.7979890675497745,2.3010299956639813,0.9216194864121249,0.9189151772462566,99.878,1.999469837267013,,interior,9,2.3944516808262164,2.44200307199866,276.6961217548493,11.571016836632777
1988,Alloy454 4,980.0,200.0,193.0,21.954,23.079,0.5,0.3648,57.456,30.992,-0.07,0.494884,0.990482618,2.285557309007774,1253.15,0.7979890675497745,2.3010299956639813,0.9274843091657523,0.9199652345995314,98.9768,1.9955334086102394,,interior,8,2.285557309007774,2.3367524307778487,217.14629852431753,12.511035504827737
1988,Alloy454 5,980.0,200.0,340.0,36.872,12.898,0.5,0.3648,57.456,30.992,-0.07,0.477458,0.842595579,2.531478917042255,1253.15,0.7979890675497745,2.3010299956639813,0.7999779836602156,0.9747689864965214,95.4916,1.9799651701795973,,interior,7,2.531478917042255,2.2694915805512657,185.99085057621227,45.29680865405521
1988,Alloy454 6,980.0,200.0,256.0,28.083,24.772,0.5,0.3648,57.456,30.992,-0.07,0.478181,0.83172899,2.4082399653118496,1253.15,0.7979890675497745,2.3010299956639813,0.8822665792252837,0.9079823530840221,95.6362,1.980622311569442,,interior,8,2.4082399653118496,2.6139484747494794,411.10094467141005,60.58630651226955
1988,Alloy454 7,980.0,200.0,232.0,36.939,28.542,0.5,0.3648,57.456,30.992,-0.07,0.41152,0.939422142,2.3654879848909,1253.15,0.7979890675497745,2.3010299956639813,0.7992757801791989,0.8784671009395607,82.304,1.9154209425720905,,interior,1,2.3654879848909,2.29616947985326,197.77412868251005,14.75253074029739
1988,Alloy454 8,980.0,200.0,269.0,43.528,25.911,0.5,0.3648,57.456,30.992,-0.07,0.398483,0.844312053,2.429752280002408,1253.15,0.7979890675497745,2.3010299956639813,0.7250378909032279,0.8994739024541851,79.69659999999999,1.9014397940092207,,interior,6,2.429752280002408,2.4006325845221372,251.55478602051326,6.485209657801762
1988,Alloy454 9,980.0,200.0,195.0,46.402,15.364,0.5,0.3648,57.456,30.992,-0.07,0.428149,0.983741641,2.290034611362518,1253.15,0.7979890675497745,2.3010299956639813,0.6895942649488699,0.9642620677478955,85.6298,1.9326249296693612,,interior,9,2.290034611362518,2.2966131477712164,197.97627463360516,1.5262946839000808
1988,MXON 1,850.0,500.0,296.0,1.204,43.803,0.2,0.36314,62.087,28.574,-0.513,0.416613,0.999906388,2.4712917110589387,1123.15,0.8903530249744023,2.6989700043360187,0.9997792189817206,0.7217239865771677,208.3065,2.318702821892483,,near_001,3,2.4712917110589387,2.5444982280530706,350.3468588629456,18.360425291535684
1988,MXON 2,850.0,500.0,293.0,0.571,44.601,0.2,0.36314,62.087,28.574,-0.513,0.411108,0.999902702,2.4668676203541096,1123.15,0.8903530249744023,2.6989700043360187,0.9999503415269171,0.7120137909999216,205.55399999999997,2.312925932398417,,near_001,3,2.4668676203541096,2.5716100145474052,372.9151390428123,27.274791482188505
1988,MXON 3,850.0,500.0,327.0,3.075,42.08,0.2,0.36314,62.087,28.574,-0.513,0.42813,0.99840469,2.514547752660286,1123.15,0.8903530249744023,2.6989700043360187,0.9985601716053734,0.742209818804988,214.065,2.3305456651952454,,near_001,5,2.514547752660286,2.4170975147608065,261.27479446042605,20.099451235343714
1988,MXON 5,850.0,500.0,1396.0,51.082,31.713,0.2,0.36314,62.087,28.574,-0.513,0.319361,0.953704429,3.144885418287142,1123.15,0.8903530249744023,2.6989700043360187,0.6282075189523932,0.8506918617893676,159.6805,2.2032518838312027,,near_111,4,3.144885418287142,2.811793331070675,648.3258394984423,53.55832095283365
1988,MXON 6,850.0,500.0,900.0,52.529,33.441,0.2,0.36314,62.087,28.574,-0.513,0.29787,0.968395609,2.9542425094393248,1123.15,0.8903530249744023,2.6989700043360187,0.6083597988389532,0.8344537337934343,148.935,2.1729967697513475,,near_111,8,2.9542425094393248,3.1884827859079428,1543.4152458981866,71.49058287757629
1988,MXON 8,850.0,500.0,382.0,1.217,43.811,0.36,0.36314,62.087,28.574,-0.513,0.416568,0.999817557,2.582063362911709,1123.15,0.8903530249744023,2.6989700043360187,0.9997744257263085,0.7216273328475322,208.284,2.318655909512809,,near_001,9,2.582063362911709,2.637958098416317,434.46830379496396,13.73515806150889
1988,MXON 9,850.0,500.0,459.0,2.37,43.155,0.36,0.36314,62.087,28.574,-0.513,0.420893,0.998389139,2.661812685537261,1123.15,0.8903530249744023,2.6989700043360187,0.9991446191812813,0.7295060445736552,210.44650000000001,2.323141707259966,,near_001,4,2.661812685537261,2.5535158163350036,357.6974271277126,22.070277314223834
1988,MXON 10,850.0,500.0,369.0,4.449,41.611,0.36,0.36314,62.087,28.574,-0.513,0.430599,0.994424047,2.56702636615906,1123.15,0.8903530249744023,2.6989700043360187,0.996986776637169,0.7476706120354675,215.2995,2.3330430212424695,,near_001,2,2.56702636615906,2.599397046390615,397.55484117245385,7.738439342128414
1988,MXON 11,850.0,500.0,411.0,5.151,39.991,0.36,0.36314,62.087,28.574,-0.513,0.441099,0.996762632,2.6138418218760693,1123.15,0.8903530249744023,2.6989700043360187,0.9959615444281468,0.7661454025094888,220.54950000000002,2.3435060775418255,,near_001,7,2.6138418218760693,2.60407723867696,401.86227514738283,2.2232907183983377
1988,MXON 12,850.0,500.0,65.0,37.288,19.599,0.36,0.36314,62.087,28.574,-0.513,0.462058,0.759512875,1.8129133566428555,1123.15,0.8903530249744023,2.6989700043360187,0.7956003813210448,0.942063307378186,231.02900000000002,2.36366649828814,,interior,4,1.8129133566428555,1.6664727586912154,46.39516874995988,28.622817307754033
1988,MXON 13,850.0,500.0,26.0,47.001,17.634,0.36,0.36314,62.087,28.574,-0.513,0.420111,0.983537684,1.414973347970818,1123.15,0.8903530249744023,2.6989700043360187,0.681985595428535,0.9530110700710954,210.0555,2.322334057396881,,interior,2,1.414973347970818,1.8348176220100223,68.36245051446664,162.93250197871788
1988,MXON 14,850.0,500.0,144.0,49.203,24.168,0.36,0.36314,62.087,28.574,-0.513,0.382196,0.984466085,2.1583624920952498,1123.15,0.8903530249744023,2.6989700043360187,0.6533809669260013,0.9123489181142137,191.09799999999998,2.2812561418247195,,interior,4,2.1583624920952498,1.7099538819903248,51.280692580347484,64.38840793031424
1988,MXON 15,850.0,500.0,119.0,51.563,31.566,0.36,0.36314,62.087,28.574,-0.513,0.318725,0.966497765,2.0755469613925306,1123.15,0.8903530249744023,2.6989700043360187,0.6216537378800258,0.852037723658175,159.36249999999998,2.2023861341298776,,near_111,3,2.0755469613925306,2.2546690088305112,179.75004543498895,51.05045834873021
1988,MXON 16,850.0,500.0,166.0,53.295,33.698,0.36,0.36314,62.087,28.574,-0.513,0.292585,0.983683374,2.220108088040055,1123.15,0.8903530249744023,2.6989700043360187,0.5976951128241161,0.8319734893478138,146.2925,2.1652220616543145,,near_111,6,2.220108088040055,2.1494887193263015,141.08755888963276,15.007494644799543
1988,Alloy454 10,760.0,758.0,218.0,1.553,43.687,0.5,0.36321,63.407,19.237,-0.208,0.417393,0.999355523,2.3384564936046046,1033.15,0.9679136621013404,2.8796692056320534,0.9996326829718702,0.723123883545551,316.383894,2.500214366971778,,near_001,2,2.3384564936046046,2.565584208203066,367.77669709909225,68.7049069261891
1988,Alloy454 11,760.0,758.0,363.0,3.585,41.56,0.5,0.36321,63.407,19.237,-0.208,0.431464,0.998057775,2.5599066250361124,1033.15,0.9679136621013404,2.8796692056320534,0.9980431327458196,0.7482614161630711,327.049712,2.5146137710284004,,near_001,2,2.5599066250361124,2.5681237734053433,369.93359538793675,1.9100813740872584
1988,Alloy454 13,760.0,758.0,350.0,18.057,33.885,0.5,0.36321,63.407,19.237,-0.208,0.456412,0.989726388,2.5440680443502757,1033.15,0.9679136621013404,2.8796692056320534,0.9507486239668369,0.8301582739777059,345.96029599999997,2.5390262600137943,,interior,1,2.5440680443502757,2.321481865464298,209.643723897772,40.10179317206515
1988,Alloy454 15,760.0,758.0,377.0,15.665,30.033,0.5,0.36321,63.407,19.237,-0.208,0.486605,0.97045653,2.576341350205793,1033.15,0.9679136621013404,2.8796692056320534,0.9628568672048274,0.8657372808311875,368.84659,2.5668457727448417,,interior,1,2.576341350205793,2.427536579735464,267.63110039052737,29.010318198799105
1988,Alloy454 16,760.0,758.0,323.0,26.887,18.324,0.5,0.36321,63.407,19.237,-0.208,0.495281,0.971519198,2.509202522331103,1033.15,0.9679136621013404,2.8796692056320534,0.8919001608285729,0.9492938695004347,375.422998,2.574520873502601,,interior,4,2.509202522331103,2.3816661806045083,240.80537724765026,25.44725162611447
1988,Alloy454 17,760.0,758.0,25.0,36.925,10.608,0.5,0.36321,63.407,19.237,-0.208,0.475235,0.888425726,1.3979400086720377,1033.15,0.9679136621013404,2.8796692056320534,0.7994225996253805,0.9829096551143689,360.22813,2.556577623605019,,interior,2,1.3979400086720377,1.4576288185126638,28.683280402201312,14.73312160880525
1988,Alloy454 18,760.0,758.0,19.0,37.444,19.919,0.5,0.36321,63.407,19.237,-0.208,0.460089,0.761187509,1.2787536009528289,1033.15,0.9679136621013404,2.8796692056320534,0.7939479551716937,0.9401752011789125,348.74746200000004,2.5425110557270854,,interior,9,1.2787536009528289,1.3370126561535052,21.727644963624982,14.35602612434201
1988,Alloy454 20,760.0,758.0,71.0,30.789,28.894,0.5,0.36321,63.407,19.237,-0.208,0.439173,0.948284617,1.8512583487190752,1033.15,0.9679136621013404,2.8796692056320534,0.8590581862729213,0.875515131412482,332.893134,2.5223048378221424,,interior,3,1.8512583487190752,1.9287393368897665,84.86709506945354,19.53111981613175
1988,Alloy454 21,760.0,758.0,36.0,39.423,29.142,0.5,0.36321,63.407,19.237,-0.208,0.394468,0.951980896,1.5563025007672873,1033.15,0.9679136621013404,2.8796692056320534,0.7724787140857208,0.8734154858551716,299.00674399999997,2.4756809838058866,,interior,8,1.5563025007672873,1.5726722907083632,37.38283989347852,3.8412219263292178
1988,Alloy454 22,760.0,758.0,30.0,46.568,21.545,0.5,0.36321,63.407,19.237,-0.208,0.408375,0.943378023,1.4771212547196624,1033.15,0.9679136621013404,2.8796692056320534,0.6874931994709723,0.930129431657114,309.54825,2.4907283531155473,,interior,0,1.4771212547196624,1.29779413771157,19.851537008013054,33.828209973289816
1988,CMSX2 19,760.0,750.0,412.0,0.0,45.0,0.23,0.36244,64.959,31.316,-0.375,0.408248,1.0,2.6148972160331345,1033.15,0.9679136621013404,2.8750612633917,1.0,0.7071067811865476,306.186,2.485985329204346,,near_001,6,2.6148972160331345,2.456721765095691,286.2343594625032,30.525640907159413
1988,CMSX2 20,760.0,750.0,230.0,3.424,41.868,0.23,0.36244,64.959,31.316,-0.375,0.429478,0.997550515,2.361727836017593,1033.15,0.9679136621013404,2.8750612633917,0.998214898153424,0.7446844181881109,322.1085,2.5080021854045684,,near_001,2,2.361727836017593,2.5316680053588505,340.14806549019903,47.89046325660827
1988,CMSX2 21,760.0,750.0,1203.0,50.821,32.612,0.23,0.36244,64.959,31.316,-0.375,0.312267,0.948089295,3.0802656273398448,1033.15,0.9679136621013404,2.8750612633917,0.6317452282291678,0.8423395386415808,234.20025,2.369587354329694,,near_111,3,3.0802656273398448,3.30349756457628,2011.3959187228813,67.19833073340659
1988,CMSX2 22,760.0,750.0,1012.0,52.396,31.741,0.23,0.36244,64.959,31.316,-0.375,0.3139,0.984415419,3.0051805125037805,1033.15,0.9679136621013404,2.8750612633917,0.61020047466596,0.8504348719942609,235.425,2.3718525790917426,,near_111,6,3.0051805125037805,2.8898218621423095,775.9287827594846,23.327195379497564
1988,CMSX2 23,760.0,750.0,459.0,52.869,32.116,0.3,0.36244,64.959,31.316,-0.375,0.308759,0.991650446,2.661812685537261,1033.15,0.9679136621013404,2.8750612633917,0.6036394338676679,0.8469734938762619,231.56925,2.3646808890711473,,near_111,3,2.661812685537261,2.6296869552757753,426.27214590860297,7.130251436034213
1988,CMSX2 24,760.0,750.0,518.0,48.632,30.288,0.3,0.36244,64.959,31.316,-0.375,0.341913,0.913282034,2.714329759745233,1033.15,0.9679136621013404,2.8750612633917,0.6608928211510494,0.8635011996880498,256.43475,2.408976876972537,,near_111,7,2.714329759745233,2.580541682362814,380.6638908975346,26.512762374993322
1988,CMSX2 25,760.0,750.0,347.0,48.487,28.195,0.3,0.36244,64.959,31.316,-0.375,0.359182,0.930057742,2.5403294747908736,1033.15,0.9679136621013404,2.8750612633917,0.6627899638209579,0.8813446865428339,269.3865,2.43037582775515,,interior,9,2.5403294747908736,2.262414029440717,182.98438445815552,47.26674799476786
1988,CMSX2 26,760.0,750.0,15.0,41.427,19.92,0.3,0.36244,64.959,31.316,-0.375,0.440966,0.840912905,1.1760912590556813,1033.15,0.9679136621013404,2.8750612633917,0.7497993504802006,0.9401692548500502,330.72450000000003,2.519466368547463,,interior,8,1.1760912590556813,1.3618503205043615,23.006487626739972,53.376584178266484
1988,CMSX2 27,760.0,750.0,50.0,48.361,20.755,0.3,0.36244,64.959,31.316,-0.375,0.402644,0.993686731,1.6989700043360187,1033.15,0.9679136621013404,2.8750612633917,0.6644350688207212,0.9351042883997032,301.983,2.4799824952286738,,interior,5,1.6989700043360187,1.6137534828943332,41.09164078047123,17.81671843905754
1988,CMSX2 28,760.0,750.0,4.0,40.357,11.106,0.3,0.36244,64.959,31.316,-0.375,0.462962,0.853229855,0.6020599913279624,1033.15,0.9679136621013404,2.8750612633917,0.7620245015550923,0.9812724977585532,347.2215,2.540606608907307,,interior,4,0.6020599913279624,0.4916598842758657,3.1021292183700813,22.44676954074797
1988,CMSX2 30,760.0,750.0,343.0,11.118,35.836,0.3,0.36244,64.959,31.316,-0.375,0.461945,0.970977064,2.5352941200427703,1033.15,0.9679136621013404,2.8750612633917,0.9812321330088193,0.8106961191690542,346.45875,2.5396515341460617,,interior,8,2.5352941200427703,2.5420469011407723,348.37493536123293,1.5670365484644109
1988,CMSX2 31,760.0,750.0,430.0,9.904,35.24,0.3,0.36244,64.959,31.316,-0.375,0.466069,0.992123484,2.6334684555795866,1033.15,0.9679136621013404,2.8750612633917,0.9850973208386125,0.8167422735612874,349.55175,2.543511480727481,,interior,5,2.6334684555795866,2.5265268550274373,336.1451542714122,21.826708308973906
1988,CMSX2 32,760.0,750.0,569.0,2.872,42.532,0.3,0.36244,64.959,31.316,-0.375,0.425103,0.997911094,2.7551122663950713,1033.15,0.9679136621013404,2.8750612633917,0.9987439623008104,0.736899901088385,318.82725,2.503555433234966,,near_001,1,2.7551122663950713,2.737376588015004,546.2313071338023,4.001527744498723
1988,CMSX2 33,760.0,750.0,780.0,13.149,31.852,0.3,0.36244,64.959,31.316,-0.375,0.477775,0.999053948,2.8920946026904804,1033.15,0.9679136621013404,2.8750612633917,0.9737817763594336,0.8494140931209154,358.33125,2.5542846845567038,,interior,9,2.8920946026904804,2.459452783875983,288.0399878144331,63.07179643404703
1988,CMSX2 34,760.0,750.0,3.5,38.379,6.622,0.3,0.36244,64.959,31.316,-0.375,0.450053,0.997882472,0.5440680443502757,1033.15,0.9679136621013404,2.8750612633917,0.783921067233564,0.9933285596750117,337.53974999999997,2.528324924394079,,interior,3,0.5440680443502757,1.4092724684944604,25.660934521751276,633.1695577643222
1988,CMSX2 36,760.0,750.0,1138.0,1.988,43.177,0.45,0.36244,64.959,31.316,-0.375,0.420877,0.999156523,3.056142262059052,1033.15,0.9679136621013404,2.8750612633917,0.9993981144334457,0.7292433635003961,315.65775,2.4992164565523836,,near_001,3,3.056142262059052,2.68833926150363,487.9094856620644,57.125704247621755
1988,CMSX2 37,760.0,750.0,759.0,5.813,40.111,0.45,0.36244,64.959,31.316,-0.375,0.440021,0.99158222,2.88024177589548,1033.15,0.9679136621013404,2.8750612633917,0.9948577542740802,0.7647977239627628,330.01574999999997,2.5185346670744466,,near_001,0,2.88024177589548,2.67380543849364,471.85160701744417,37.8324628435515
1988,CMSX2 38,760.0,750.0,664.0,14.188,30.837,0.45,0.36244,64.959,31.316,-0.375,0.481789,0.994835914,2.8221680793680175,1033.15,0.9679136621013404,2.8750612633917,0.9694967056912042,0.8586290549969655,361.34175,2.5579181435417033,,interior,2,2.8221680793680175,3.138302094602806,1374.9980890864686,107.07802546482961
1988,CMSX2 39,760.0,750.0,550.0,13.324,34.054,0.45,0.36244,64.959,31.316,-0.375,0.469364,0.959613434,2.7403626894942437,1033.15,0.9679136621013404,2.8750612633917,0.9730824243945284,0.8285101775355678,352.023,2.5465710397473362,,interior,0,2.7403626894942437,2.774134159229369,594.4757715726672,8.08650392230313
1988,CMSX2 40,760.0,750.0,484.0,22.873,29.201,0.45,0.36244,64.959,31.316,-0.375,0.472135,0.895102036,2.6848453616444123,1033.15,0.9679136621013404,2.8750612633917,0.921368673618376,0.8729135623795168,354.10125,2.549127459848041,,interior,5,2.6848453616444123,2.2681527409468107,185.41836233308283,61.690421005561404
1988,CMSX2 42,760.0,750.0,8.0,36.585,19.141,0.45,0.36244,64.959,31.316,-0.375,0.466967,0.751496358,0.9030899869919435,1033.15,0.9679136621013404,2.8750612633917,0.8029735389844671,0.9447145180233107,350.22525,2.5443474539700315,,interior,6,0.9030899869919435,0.4662335867969163,2.925725566400115,63.42843041999856
1988,CMSX2 43,760.0,750.0,8.0,38.673,25.935,0.45,0.36244,64.959,31.316,-0.375,0.421864,0.832088066,0.9030899869919435,1033.15,0.9679136621013404,2.8750612633917,0.7807249593342367,0.8992907841054398,316.398,2.5002337295926775,,interior,5,0.9030899869919435,1.261030426980542,18.240234902272327,128.0029362784041
1988,CMSX2 44,760.0,750.0,23.0,46.866,27.164,0.45,0.36244,64.959,31.316,-0.375,0.374081,0.903691981,1.3617278360175928,1033.15,0.9679136621013404,2.8750612633917,0.6837069403693632,0.8897034008065748,280.56075,2.4480269138387514,,interior,1,1.3617278360175928,1.3542982353787232,22.609878855069788,1.6961788910009237
1988,CMSX2 46,760.0,750.0,32.0,50.374,28.274,0.45,0.36244,64.959,31.316,-0.375,0.350272,0.972941029,1.505149978319906,1033.15,0.9679136621013404,2.8750612633917,0.6377735719255114,0.8806923972522377,262.70399999999995,2.4194666855180924,,interior,9,1.505149978319906,1.4622637388830746,28.991036244163222,9.40301173698993
1988,CMSX2 47,760.0,750.0,28.0,51.3,30.244,0.45,0.36244,64.959,31.316,-0.375,0.331,0.974513595,1.4471580313422192,1033.15,0.9679136621013404,2.8750612633917,0.6252426563357052,0.863888255555303,248.25,2.394889257167419,,near_111,1,1.4471580313422192,1.547867015375507,35.30750386898709,26.098228103525322
1988,CMSX2 48,760.0,750.0,36.0,53.108,32.54,0.45,0.36244,64.959,31.316,-0.375,0.304046,0.992609671,1.5563025007672873,1033.15,0.9679136621013404,2.8750612633917,0.6003085624313499,0.8430161344245704,228.03449999999998,2.358000557641444,,near_111,7,1.5563025007672873,1.5041010844285199,31.92280789542073,11.32553362383131
1988,CMSX2 49,760.0,750.0,21.0,45.039,17.963,0.45,0.36244,64.959,31.316,-0.375,0.429625,0.932785569,1.3222192947339193,1033.15,0.9679136621013404,2.8750612633917,0.7066253050959692,0.9512558724437722,322.21875,2.508150808536982,,interior,0,1.3222192947339193,1.2935964299826521,19.66058472283699,6.3781679864905225
1988,CMSX2 50,760.0,750.0,15.0,42.781,8.525,0.45,0.36244,64.959,31.316,-0.375,0.449037,0.920672461,1.1760912590556813,1033.15,0.9679136621013404,2.8750612633917,0.7339551354245869,0.9889512751943923,336.77775,2.52734339110724,,interior,7,1.1760912590556813,1.2616097065457723,18.264580699256207,21.763871328374716
1988,CMSX2 52,760.0,750.0,44.0,44.093,2.147,0.45,0.36244,64.959,31.316,-0.375,0.423462,0.969140088,1.6434526764861874,1033.15,0.9679136621013404,2.8750612633917,0.7182113141907608,0.9992979985498156,317.5965,2.5018757077378604,,near_011,6,1.6434526764861874,1.2754719169290605,18.856970294753634,57.143249330105384
mackay,MARM 247 01,774.0,724.0,179.0,3.0,42.0,0.23,0.36237,65.455,28.681,-0.392,0.428467,1.0,2.2528530309798933,1047.15,0.9549730220121281,2.859738566197147,0.9986295347545738,0.7431448254773942,310.210108,2.491655944918921,,near_001,0,2.2528530309798933,1.6565441784993205,45.34654240915782,74.66673608426937
mackay,C,774.0,724.0,21.0,10.0,36.0,0.23,0.36237,65.455,28.681,-0.392,0.462535,0.980572281,1.3222192947339193,1047.15,0.9549730220121281,2.859738566197147,0.984807753012208,0.8090169943749475,334.87534,2.5248831675570607,,interior,8,1.3222192947339193,1.6973839339732386,49.81772993468478,137.22728540326082
mackay,E,774.0,724.0,20.0,28.0,17.0,0.3,0.36237,65.455,28.681,-0.392,0.487496,1.0,1.3010299956639813,1047.15,0.9549730220121281,2.859738566197147,0.882947592858927,0.9563047559630354,352.94710399999997,2.5477096227751805,,interior,7,1.3010299956639813,0.7448689579416445,5.5573654653028735,72.21317267348564
mackay,F,774.0,724.0,138.0,45.0,28.0,0.3,0.36237,65.455,28.681,-0.392,0.376596,0.857510436,2.1398790864012365,1047.15,0.9549730220121281,2.859738566197147,0.7071067811865476,0.882947592858927,272.655504,2.435614269060073,,interior,2,2.1398790864012365,1.7369833405648374,54.573692634837506,60.453845916784424
mackay,H,774.0,724.0,1.0,39.0,7.0,0.3,0.36237,65.455,28.681,-0.392,0.45906,0.933989021,0.0,1047.15,0.9549730220121281,2.859738566197147,0.7771459614569709,0.992546151641322,332.35944,2.5216080185447503,,interior,6,0.0,0.2390208655265127,1.7338872997620003,73.38872997620003
mackay,I,774.0,724.0,0.5,43.0,6.5,0.3,0.36237,65.455,28.681,-0.392,0.444032,0.931200904,-0.3010299956639812,1047.15,0.9549730220121281,2.859738566197147,0.7313537016191705,0.9935718556765875,321.47916799999996,2.507152835687075,,near_011,5,-0.3010299956639812,0.2186071858932528,1.654273016648803,230.8546033297606
mackay,K,774.0,724.0,26.0,9.5,36.0,0.3,0.36237,65.455,28.681,-0.392,0.462839,0.986565523,1.414973347970818,1047.15,0.9549730220121281,2.859738566197147,0.9862856015372314,0.8090169943749475,335.095436,2.5251685127845,,interior,9,1.414973347970818,1.77992592554426,60.24568206260421,131.71416177924695
mackay,L,774.0,724.0,41.0,5.5,40.5,0.3,0.36237,65.455,28.681,-0.392,0.437585,0.992118103,1.6127838567197355,1047.15,0.9549730220121281,2.859738566197147,0.9953961983671789,0.7604059656000309,316.81154,2.5008009925735237,,near_001,0,1.6127838567197355,1.8642943550233135,73.16348010694662,78.44751245596737
mackay,M,774.0,724.0,53.0,10.5,35.0,0.3,0.36237,65.455,28.681,-0.392,0.467578,0.984659244,1.724275869600789,1047.15,0.9549730220121281,2.859738566197147,0.9832549075639546,0.8191520442889918,338.526472,2.5295926351895752,,interior,1,1.724275869600789,1.7508821692284728,56.348475300568204,6.317877925600385
mackay,O,774.0,724.0,59.0,2.0,43.5,0.3,0.36237,65.455,28.681,-0.392,0.418574,0.998824581,1.7708520116421442,1047.15,0.9549730220121281,2.859738566197147,0.9993908270190958,0.7253743710122877,303.047576,2.4815108145495124,,near_001,2,1.7708520116421442,2.023962972812108,105.67274106422056,79.10634078681451
mackay,Q,774.0,724.0,80.0,5.5,41.0,0.3,0.36237,65.455,28.681,-0.392,0.433947,0.991427525,1.9030899869919435,1047.15,0.9549730220121281,2.859738566197147,0.9953961983671789,0.754709580222772,314.177628,2.4971752565089473,,near_001,3,1.9030899869919435,1.8566239019080086,71.8826206426628,10.1467241966715
mackay,R,774.0,724.0,82.0,7.5,39.0,0.45,0.36237,65.455,28.681,-0.392,0.445864,0.985441749,1.9138138523837167,1047.15,0.9549730220121281,2.859738566197147,0.9914448613738104,0.7771459614569709,322.80553599999996,2.5089409741096227,,interior,4,1.9138138523837167,2.1860532410342506,153.48051261147577,87.17135684326314
mackay,T,774.0,724.0,98.0,5.0,40.0,0.45,0.36237,65.455,28.681,-0.392,0.440593,1.0,1.9912260756924949,1047.15,0.9549730220121281,2.859738566197147,0.9961946980917455,0.766044443118978,318.989332,2.5037761591355387,,near_001,4,1.9912260756924949,2.225153567579361,167.93977522511273,71.36711757664564
mackay,U,774.0,724.0,109.0,1.5,43.5,0.45,0.36237,65.455,28.681,-0.392,0.418652,1.0,2.037426497940624,1047.15,0.9549730220121281,2.859738566197147,0.9996573249755573,0.7253743710122877,303.10404800000003,2.481591736474265,,near_001,3,2.037426497940624,2.127714407912284,134.18822490544062,23.10846321600057
mackay,V,774.0,724.0,141.0,2.0,43.0,0.45,0.36237,65.455,28.681,-0.392,0.42199,1.0,2.1492191126553797,1047.15,0.9549730220121281,2.859738566197147,0.9993908270190958,0.7313537016191705,305.52076,2.48504072569845,,near_001,1,2.1492191126553797,2.0550243486268993,113.5074451593897,19.498265844404468
1988,CMSX-4 01,760.0,750.0,1900.0,0.0,45.0,0.34,0.36289,64.865,23.096,-0.776,0.408248,1.0,3.278753600952829,1033.15,0.9679136621013404,2.8750612633917,1.0,0.7071067811865476,306.186,2.485985329204346,,near_001,6,3.278753600952829,2.8234196565777703,665.916317004491,64.95177278923731
1988,CMSX-4 02,760.0,750.0,1050.0,0.0,45.0,0.22,0.36289,64.865,23.096,-0.776,0.408248,1.0,3.0211892990699383,1033.15,0.9679136621013404,2.8750612633917,1.0,0.7071067811865476,306.186,2.485985329204346,,near_001,5,3.0211892990699383,3.333516490412479,2155.34348165011,105.27080777620095
1988,CMSX-4 04,760.0,750.0,1000.0,54.74,35.26,0.34,0.36289,64.865,23.096,-0.776,0.272239,1.0,3.0,1033.15,0.9679136621013404,2.8750612633917,0.5772877120855479,0.8165408118857462,204.17925,2.310011604213219,,near_111,7,3.0,2.7020379611375906,503.54462107000745,49.64553789299925
1988,CMSX-4 05,760.0,750.0,1800.0,54.74,35.26,0.22,0.36289,64.865,23.096,-0.776,0.272239,1.0,3.255272505103306,1033.15,0.9679136621013404,2.8750612633917,0.5772877120855479,0.8165408118857462,204.17925,2.310011604213219,,near_111,5,3.255272505103306,3.527821457546648,3371.4867524477236,87.30481958042908
Gunturi et al.,CMSX-04 -6,750.0,750.0,118.0,34.0,27.237,0.45,0.36281,65.132,22.611,-0.788,0.435688,0.895569766,2.0718820073061255,1023.15,0.977373796608513,2.8750612633917,0.8290375725550417,0.8891210068973023,326.766,2.5142368618733526,,interior,3,2.0718820073061255,1.9876161492252056,97.18878418838521,17.636623569165074
Gunturi et al.,CMSX-04 -7,750.0,720.0,110.0,47.9,23.22,0.45,0.36281,65.132,22.611,-0.788,0.393607,0.961268473,2.041392685158225,1023.15,0.977373796608513,2.8573324964312685,0.6704266189587992,0.9189977715934213,283.39704,2.4523953098550555,,interior,2,2.041392685158225,1.201881865833297,15.917756829320036,85.52931197334541
Gunturi et al.,CMSX-04 -8,750.0,675.0,40.0,42.2,15.574,0.45,0.36281,65.132,22.611,-0.788,0.450147,0.880163591,1.6020599913279623,1023.15,0.977373796608513,2.829303772831025,0.7408045962867501,0.9632844995692251,303.849225,2.4826581329701454,,interior,1,1.6020599913279623,1.0220647325419185,10.521186827262255,73.69703293184436
Gunturi et al.,CMSX-04 -9,750.0,750.0,5.0,42.2,15.574,0.45,0.36281,65.132,22.611,-0.788,0.450147,0.880163591,0.6989700043360189,1023.15,0.977373796608513,2.8750612633917,0.7408045962867501,0.9632844995692251,337.61025,2.5284156235308206,,interior,9,0.6989700043360189,1.26613132984232,18.45573432772206,269.1146865544412
Gunturi et al.,CMSX-04 -10,750.0,720.0,5.0,41.3,4.443,0.45,0.36281,65.132,22.611,-0.788,0.442881,0.949679485,0.6989700043360189,1023.15,0.977373796608513,2.8573324964312685,0.7512641335035112,0.9969948944590252,318.87432,2.503619545485153,,near_011,0,0.6989700043360189,0.9048222331658415,8.03197287556314,60.6394575112628
Gunturi et al. ,CMSX-04 -11,750.0,750.0,5.0,37.5,7.505,0.45,0.36281,65.132,22.611,-0.788,0.455212,0.995162693,0.6989700043360189,1023.15,0.977373796608513,2.8750612633917,0.7933533402912352,0.991433467039611,341.409,2.533274965515733,,interior,6,0.6989700043360189,1.5144092490737389,32.68957309993822,553.7914619987644
G.M. Han et al.,A SRR99,760.0,790.0,456.0,3.85,41.78,0.45,0.36244,65.583,27.69,-0.608,0.429871,0.996143029,2.658964842664435,1033.15,0.9679136621013404,2.8976270912904414,0.9977432534762729,0.7457086179846887,339.59809,2.530965238978296,,near_001,2,2.658964842664435,2.5954970009492593,394.0007068360758,13.59633622015882
G.M. Han et al.,B ,760.0,790.0,449.0,5.85,40.53,0.45,0.36244,65.583,27.69,-0.608,0.436978,0.990567031,2.6522463410033232,1033.15,0.9679136621013404,2.8976270912904414,0.9947921417617265,0.7600658111778442,345.21261999999996,2.53808666391507,,near_001,3,2.6522463410033232,2.607316503499937,404.87084445915434,9.828319719564735
G.M. Han et al.,C ,760.0,790.0,435.0,9.43,35.31,0.45,0.36244,65.583,27.69,-0.608,0.4642,1.0,2.6384892569546374,1033.15,0.9679136621013404,2.8976270912904414,0.986486509099847,0.8160367224686534,366.718,2.56433222741034,,interior,3,2.6384892569546374,2.5837331732677082,383.47157152113965,11.845615742266746
G.M. Han et al.,D,760.0,790.0,295.0,12.53,34.75,0.45,0.36244,65.583,27.69,-0.608,0.466454,0.963571971,2.469822015978163,1033.15,0.9679136621013404,2.8976270912904414,0.9761825457797189,0.8216469379421637,368.49866,2.5664359129395375,,interior,9,2.469822015978163,2.627806590416833,424.43050511172805,43.87474749550104
G.M. Han et al.,E,760.0,790.0,329.0,15.79,31.23,0.45,0.36244,65.583,27.69,-0.608,0.481251,0.952166333,2.5171958979499744,1033.15,0.9679136621013404,2.8976270912904414,0.962265500741616,0.855092904613584,380.18829,2.579998736236153,,interior,1,2.5171958979499744,2.622250807914914,419.0354910017777,27.366410638838207
G.M. Han et al.,F,760.0,790.0,376.0,18.39,31.38,0.45,0.36244,65.583,27.69,-0.608,0.473454,0.919354362,2.575187844927661,1033.15,0.9679136621013404,2.8976270912904414,0.9489310883417635,0.8537326119405507,374.02866,2.572904881352799,,interior,2,2.575187844927661,2.38835965548721,244.54548869274012,34.96130619873933
G.M. Han et al.,G,760.0,790.0,326.0,21.36,25.36,0.45,0.36244,65.583,27.69,-0.608,0.496598,0.936246219,2.513217600067939,1033.15,0.9679136621013404,2.8976270912904414,0.9313103209992203,0.9036345259158666,392.31242,2.59363205743385,,interior,0,2.513217600067939,2.235729003324906,172.0794476362852,47.214893363102696
G.M. Han et al.,I,760.0,790.0,118.0,25.73,27.82,0.45,0.36244,65.583,27.69,-0.608,0.469741,0.878224383,2.0718820073061255,1033.15,0.9679136621013404,2.8976270912904414,0.9008498344490616,0.8844181216774109,371.09539,2.569485559280076,,interior,3,2.0718820073061255,2.1734040493308093,149.07473614238023,26.33452215455952
G.M. Han et al.,J,760.0,790.0,135.0,29.22,15.7,0.45,0.36244,65.583,27.69,-0.608,0.484831,1.0,2.130333768495006,1033.15,0.9679136621013404,2.8976270912904414,0.8727517289450218,0.9626917464264788,383.01649000000003,2.5832174720413175,,interior,8,2.130333768495006,1.5916048622285703,39.048545548085244,71.07515144586279
G.M. Han et al.,K,760.0,790.0,4.7,43.4,2.41,0.45,0.36244,65.583,27.69,-0.608,0.42741,0.959357526,0.6720978579357175,1033.15,0.9679136621013404,2.8976270912904414,0.7265746709709759,0.9991155062010446,337.6539,2.5284717703117847,,near_011,5,0.6720978579357175,0.5309493462535562,3.3958566285565404,27.747731307307653
G.M. Han et al.,M,760.0,790.0,3.0,45.87,13.53,0.45,0.36244,65.583,27.69,-0.608,0.433293,0.981061314,0.47712125471966244,1033.15,0.9679136621013404,2.8976270912904414,0.6962887112311472,0.9722475554062134,342.30147,2.5344087642021997,,interior,4,0.47712125471966244,0.8654695467693088,7.336172705243738,144.53909017479128
G.M. Han et al.,N,760.0,790.0,11.5,42.3,24.35,0.45,0.36244,65.583,27.69,-0.608,0.414358,0.830989145,1.0606978403536116,1033.15,0.9679136621013404,2.8976270912904414,0.7396310949786098,0.9110438156205597,327.34282,2.5150028194642844,,interior,7,1.0606978403536116,1.0701252210997079,11.752363646229266,2.194466488950143
G.M. Han et al.,P,760.0,790.0,20.0,49.26,29.73,0.45,0.36244,65.583,27.69,-0.608,0.343806,0.932616068,1.3010299956639813,1033.15,0.9679136621013404,2.8976270912904414,0.652627522488541,0.8683719738277661,271.60674,2.4339405428856686,,near_111,8,1.3010299956639813,1.14019577745999,13.81006674186022,30.949666290698897
G.M. Han et al.,Q,760.0,790.0,10.0,42.08,29.03,0.45,0.36244,65.583,27.69,-0.608,0.382405,0.924585191,1.0,1033.15,0.9679136621013404,2.8976270912904414,0.742209818804988,0.8743657415364589,302.09995,2.4801506533940154,,interior,6,1.0,1.5172900252814927,32.90713139345169,229.07131393451695
G.M. Han et al.,A SRR99,1040.0,165.0,135.0,5.273,40.308,0.45,0.36462,56.896,40.472,-0.252,0.439109,0.993830689,2.130333768495006,1313.15,0.7615276244145756,2.2174839442139063,0.9957681162384628,0.7625780133719103,72.452985,1.8600562827309128,,near_001,0,2.130333768495006,2.147801446058715,140.54048439187343,4.104062512498841
G.M. Han et al.,B,1040.0,165.0,148.0,6.936,39.646,0.45,0.36462,56.896,40.472,-0.252,0.442002,0.987033995,2.1702617153949575,1313.15,0.7615276244145756,2.2174839442139063,0.9926816617699123,0.7700012377275356,72.93033,1.8629081786919544,,interior,5,2.1702617153949575,2.1523101514069785,142.0071303580203,4.049236244580875
G.M. Han et al.,C,1040.0,165.0,145.0,11.067,33.993,0.45,0.36462,56.896,40.472,-0.252,0.471042,0.994102437,2.161368002234975,1313.15,0.7615276244145756,2.2174839442139063,0.9814033859173547,0.8291058846688947,77.72193,1.8905435765127037,,interior,7,2.161368002234975,2.0113266298902204,102.64236021543977,29.21216536866223
G.M. Han et al.,D,1040.0,165.0,129.0,20.21,30.631,0.45,0.36462,56.896,40.472,-0.252,0.47238,0.909126127,2.110589710299249,1313.15,0.7615276244145756,2.2174839442139063,0.9384327425610585,0.8604664831209687,77.9427,1.8917754460395695,,interior,2,2.110589710299249,2.2905070627309905,195.212248025332,51.32732405064496
G.M. Han et al.,E,1040.0,165.0,126.0,13.91,32.665,0.45,0.36462,56.896,40.472,-0.252,0.476651,0.963390405,2.100370545117563,1313.15,0.7615276244145756,2.2174839442139063,0.9706745390905777,0.841840638949298,78.647415,1.8956844527102874,,interior,3,2.100370545117563,2.1916734356522696,155.4796075161026,23.396513901668722
G.M. Han et al.,F,1040.0,165.0,175.0,18.323,29.274,0.45,0.36462,56.896,40.472,-0.252,0.486308,0.935956225,2.2430380486862944,1313.15,0.7615276244145756,2.2174839442139063,0.9492993564986277,0.8722912573478453,80.24082,1.904395358193512,,interior,5,2.2430380486862944,2.143717288134497,139.2250197388181,20.44284586353251
G.M. Han et al.,G,1040.0,165.0,150.0,22.951,24.096,0.45,0.36462,56.896,40.472,-0.252,0.497714,0.925509429,2.1760912590556813,1313.15,0.7615276244145756,2.2174839442139063,0.9208386744787772,0.9128626818523775,82.12281,1.9144638012272346,,interior,4,2.1760912590556813,2.1409389876831595,138.33720208471848,7.775198610187677
G.M. Han et al.,I,1040.0,165.0,170.0,27.743,27.541,0.45,0.36462,56.896,40.472,-0.252,0.462929,0.884712342,2.230448921378274,1313.15,0.7615276244145756,2.2174839442139063,0.8850445164030988,0.8866801857258958,76.383285,1.8829983320511068,,interior,4,2.230448921378274,2.0156693040031763,103.67386846311096,39.01537149228767
G.M. Han et al.,J,1040.0,165.0,146.0,30.282,15.272,0.45,0.36462,56.896,40.472,-0.252,0.491704,0.950421392,2.164352855784437,1313.15,0.7615276244145756,2.2174839442139063,0.8635540100249531,0.9646862559736556,81.13116,1.9091876854934142,,interior,6,2.164352855784437,2.069755618115726,117.42366142144641,19.572834642844924
G.M. Han et al.,K,1040.0,165.0,185.0,52.01,32.393,0.45,0.36462,56.896,40.472,-0.252,0.309586,0.967934597,2.2671717284030137,1313.15,0.7615276244145756,2.2174839442139063,0.6155239321273805,0.8443933827930754,51.081689999999995,1.7082652571413592,,near_111,7,2.2671717284030137,2.2687759323692482,185.6846196367765,0.3700646685278319
G.M. Han et al.,L,1040.0,165.0,176.0,50.682,30.692,0.45,0.36462,56.896,40.472,-0.252,0.329826,0.955255195,2.24551266781415,1313.15,0.7615276244145756,2.2174839442139063,0.6336239504392511,0.8599235484541329,54.42129,1.7357688320641294,,near_111,6,2.24551266781415,2.1804396290689243,151.5094177021038,13.915103578350111
G.M. Han et al.,M,1040.0,165.0,63.0,47.013,27.869,0.45,0.36462,56.896,40.472,-0.252,0.368275,0.900666621,1.7993405494535817,1313.15,0.7615276244145756,2.2174839442139063,0.6818324036179986,0.8840186751144842,60.765375000000006,1.7836561823993646,,interior,9,1.7993405494535817,2.154687281973757,142.7865439661481,126.64530788277474
G.M. Han et al.,N,1040.0,165.0,66.0,41.318,3.789,0.45,0.36462,56.896,40.472,-0.252,0.436644,0.981396744,1.8195439355418688,1313.15,0.7615276244145756,2.2174839442139063,0.7510567507943808,0.9978141735786068,72.04625999999999,1.8576114410345301,,near_011,1,1.8195439355418688,2.262526162033809,183.03163618134062,177.32066088081913
G.M. Han et al.,P,1040.0,165.0,65.0,39.884,20.181,0.45,0.36462,56.896,40.472,-0.252,0.447415,0.807994815,1.8129133566428555,1313.15,0.7615276244145756,2.2174839442139063,0.7673442484293178,0.9386074763748798,73.823475,1.8681944843411387,,interior,0,1.8129133566428555,2.0205971312085795,104.8569282890515,61.31835121392538
G.M. Han et al.,Q,1040.0,165.0,91.0,46.477,19.174,0.45,0.36462,56.896,40.472,-0.252,0.418268,0.95911473,1.9590413923210936,1313.15,0.7615276244145756,2.2174839442139063,0.6886457041592324,0.9445255079491454,69.01422,1.8389385839438903,,interior,2,1.9590413923210936,1.9400413978511317,87.10466159696789,4.280591651683641
G.M. Han et al.,[001],1040.0,165.0,135.0,0.0,45.0,0.45,0.36462,56.896,40.472,-0.252,0.408248,1.0,2.130333768495006,1313.15,0.7615276244145756,2.2174839442139063,1.0,0.7071067811865476,67.36092,1.8284080100265523,,near_001,9,2.130333768495006,2.4957640055184678,313.15835675928577,131.96915315502648
G.M. Han et al.,[011],1040.0,165.0,131.0,45.0,0.0,0.45,0.36462,56.896,40.472,-0.252,0.408248,1.0,2.1172712956557644,1313.15,0.7615276244145756,2.2174839442139063,0.7071067811865476,1.0,67.36092,1.8284080100265523,,near_011,1,2.1172712956557644,2.3386123478645184,218.07824719698723,66.47194442518109
G.M. Han et al.,[111],1040.0,165.0,185.0,54.736,35.264,0.45,0.36462,56.896,40.472,-0.252,0.272172,1.0,2.2671717284030137,1313.15,0.7615276244145756,2.2174839442139063,0.5773447159812638,0.8165005076106897,44.90838,1.6523273888469412,,near_111,8,2.2671717284030137,2.582636442717452,382.50440656223526,106.75913868228932
Wang et al.,SC 1,900.0,445.0,234.5,0.0,45.0,0.45,0.36404,60.373,26.503,-0.748,0.408248,1.0,2.370142847051102,1173.15,0.8524059156970548,2.6483600109809315,1.0,0.7071067811865476,181.67036,2.2592840767935773,,near_001,6,2.370142847051102,2.459399558633184,288.00468904939197,22.81649852852536
Wang et al.,SC 2,900.0,445.0,34.8,45.0,0.0,0.45,0.36404,60.373,26.503,-0.748,0.408248,1.0,1.541579243946581,1173.15,0.8524059156970548,2.6483600109809315,0.7071067811865476,1.0,181.67036,2.2592840767935773,,near_011,3,1.541579243946581,1.7859797657146839,61.0913561068743,75.54987387032847
Wang et al.,SC 3,900.0,445.0,127.1,54.736,35.264,0.45,0.36404,60.373,26.503,-0.748,0.272172,1.0,2.104145550554008,1173.15,0.8524059156970548,2.6483600109809315,0.5773447159812638,0.8165005076106897,121.11654000000001,2.0832034556139667,,near_111,5,2.104145550554008,2.452784458733941,283.6510912704956,123.17159029936712
Wang et al.,SC 4,1100.0,100.0,395.7,0.0,45.0,0.45,0.36588,53.272,38.227,-0.493,0.408248,1.0,2.597366050266028,1373.15,0.7282525579871099,2.0,1.0,0.7071067811865476,40.8248,1.610924065812646,,near_001,7,2.597366050266028,2.7552244469244367,569.1469946510559,43.83295290650896
Wang et al.,SC 5,1100.0,100.0,116.3,45.0,0.0,0.45,0.36588,53.272,38.227,-0.493,0.408248,1.0,2.0655797147284485,1373.15,0.7282525579871099,2.0,0.7071067811865476,1.0,40.8248,1.610924065812646,,near_011,4,2.0655797147284485,2.5811966263334862,381.23838957419025,227.80600995201223
Wang et al.,SC 6,1100.0,100.0,522.6,54.736,35.264,0.45,0.36588,53.272,38.227,-0.493,0.272172,1.0,2.718169405391307,1373.15,0.7282525579871099,2.0,0.5773447159812638,0.8165005076106897,27.217200000000002,1.434843444633035,,near_111,8,2.718169405391307,2.498484327948873,315.1260661031564,39.70033178278676
CMSX4_Table1_Lukas,I- CMSX-4,850.0,500.0,79.9,45.0,0.0,0.45,0.36355,62.358,27.775,-0.673,0.408248,1.0,1.9025467793139914,1123.15,0.8903530249744023,2.6989700043360187,0.7071067811865476,1.0,204.124,2.309894070148665,,near_011,8,1.9025467793139914,1.9097011845935654,81.22714421909534,1.6610065320342062
CMSX4_Table1_Lukas,R,980.0,350.0,27.8,54.7356,35.2644,0.45,0.36434,59.283,33.255,-0.553,0.272166,1.0,1.4440447959180762,1253.15,0.7979890675497745,2.5440680443502757,0.577350416216075,0.8164964769643069,95.25810000000001,1.9789019149065732,,near_111,7,1.4440447959180762,1.4423971626687595,27.69473173237808,0.37866283317237365
Lukas et al,Fig2a_CM186LC_1,850.0,501.0,65.0,45.0,0.0,0.4,0.36329,63.262,29.363,-0.715,0.408248,1.0,1.8129133566428555,1123.15,0.8903530249744023,2.699837725867246,0.7071067811865476,1.0,204.532248,2.3107617916798917,,near_011,0,1.8129133566428555,1.7976888490913951,62.760854664886786,3.4448389770972523
Lukas et al,Fig2a_CM186LC_2,850.0,401.0,568.0,45.0,0.0,0.4,0.36329,63.262,29.363,-0.715,0.408248,1.0,2.754348335711019,1123.15,0.8903530249744023,2.603144372620182,0.7071067811865476,1.0,163.707448,2.2140684384328284,,near_011,6,2.754348335711019,2.7608737953763494,576.5988812051776,1.5138875361228128
Lukas et al,Fig2a_CM186LC_3,850.0,349.0,1864.0,45.0,0.0,0.4,0.36329,63.262,29.363,-0.715,0.408248,1.0,3.2704459080179626,1123.15,0.8903530249744023,2.5428254269591797,0.7071067811865476,1.0,142.478552,2.153749492771826,,near_011,1,3.2704459080179626,3.205129095185519,1603.7220304683376,13.963410382599914
Lukas et al,Fig2a_CMSX4_1,850.0,552.0,51.0,45.0,0.0,0.5,0.36355,62.358,27.775,-0.673,0.408248,1.0,1.7075701760979363,1123.15,0.8903530249744023,2.741939077729199,0.7071067811865476,1.0,225.352896,2.352863143541845,,near_011,8,1.7075701760979363,1.8982807446213867,79.11899182523396,55.13527808869404
Lukas et al,Fig2a_CMSX4_2,850.0,501.0,198.0,45.0,0.0,0.5,0.36355,62.358,27.775,-0.673,0.408248,1.0,2.296665190261531,1123.15,0.8903530249744023,2.699837725867246,0.7071067811865476,1.0,204.532248,2.3107617916798917,,near_011,3,2.296665190261531,2.230328756039965,169.95296905098184,14.165167145968772
Lukas et al,Fig2a_CMSX4_3,850.0,451.0,667.0,45.0,0.0,0.5,0.36355,62.358,27.775,-0.673,0.408248,1.0,2.824125833916549,1123.15,0.8903530249744023,2.6541765418779604,0.7071067811865476,1.0,184.119848,2.2651006076906066,,near_011,5,2.824125833916549,2.702127314542689,503.6482329215594,24.490519801865158
Lukas et al,Fig2a_CMSX4_4,850.0,400.0,1636.0,45.0,0.0,0.5,0.36355,62.358,27.775,-0.673,0.408248,1.0,3.2137832993353044,1123.15,0.8903530249744023,2.6020599913279625,0.7071067811865476,1.0,163.2992,2.2129840571406083,,near_011,2,3.2137832993353044,3.20667993321326,1609.4590572246448,1.6223070156085106
Lukas et al,Fig2a_CMSX4_5,850.0,379.0,2350.0,45.0,0.0,0.5,0.36355,62.358,27.775,-0.673,0.408248,1.0,3.3710678622717363,1123.15,0.8903530249744023,2.578639209968072,0.7071067811865476,1.0,154.725992,2.1895632757807184,,near_011,0,3.3710678622717363,3.4454089186118075,2788.7457318703086,18.67003114341739
Lukas et al,Fig2b_CM186LC_2,850.0,651.0,32.0,54.7356,35.2644,0.4,0.36329,63.262,29.363,-0.715,0.272166,1.0,1.505149978319906,1123.15,0.8903530249744023,2.813580988568192,0.577350416216075,0.8164964769643069,177.180066,2.2484148591244897,,near_111,7,1.505149978319906,1.6570242836474134,45.396699958002735,41.864687368758545
Lukas et al,Fig2b_CM186LC_3,850.0,553.0,203.0,54.7356,35.2644,0.4,0.36329,63.262,29.363,-0.715,0.272166,1.0,2.307496037913213,1123.15,0.8903530249744023,2.7427251313046983,0.577350416216075,0.8164964769643069,150.507798,2.177559001860996,,near_111,4,2.307496037913213,2.268978725106755,185.77134485857107,8.48702223715711
Lukas et al,Fig2b_CM186LC_4,850.0,503.0,492.0,54.7356,35.2644,0.4,0.36329,63.262,29.363,-0.715,0.272166,1.0,2.69196510276736,1123.15,0.8903530249744023,2.7015679850559273,0.577350416216075,0.8164964769643069,136.89949800000002,2.136401855612225,,near_111,5,2.69196510276736,2.679608554955674,478.1988803801865,2.805105613783233
Lukas et al,Fig2b_CM186LC_5,850.0,455.0,1140.0,54.7356,35.2644,0.4,0.36329,63.262,29.363,-0.715,0.272166,1.0,3.0569048513364727,1123.15,0.8903530249744023,2.6580113966571126,0.577350416216075,0.8164964769643069,123.83553,2.09284526721341,,near_111,3,3.0569048513364727,3.0672068376559407,1167.365455681522,2.400478568554562
Lukas et al,Fig2b_CM186LC_6,850.0,405.0,3097.0,54.7356,35.2644,0.4,0.36329,63.262,29.363,-0.715,0.272166,1.0,3.490941205356787,1123.15,0.8903530249744023,2.6074550232146687,0.577350416216075,0.8164964769643069,110.22723,2.0422888937709662,,near_111,8,3.490941205356787,3.468543629061617,2941.3291637360376,5.026504238423069
Lukas et al,Fig2b_CMSX4_1,850.0,602.0,54.0,54.7356,35.2644,0.5,0.36355,62.358,27.775,-0.673,0.272166,1.0,1.7323937598229686,1123.15,0.8903530249744023,2.7795964912578244,0.577350416216075,0.8164964769643069,163.84393200000002,2.2144303618141223,,near_111,9,1.7323937598229686,1.8848712007788675,76.71339458128345,42.06184181719158
Lukas et al,Fig2b_CMSX4_2,850.0,601.0,73.0,54.7356,35.2644,0.5,0.36355,62.358,27.775,-0.673,0.272166,1.0,1.863322860120456,1123.15,0.8903530249744023,2.7788744720027396,0.577350416216075,0.8164964769643069,163.57176600000003,2.213708342559037,,near_111,1,1.863322860120456,1.8838663643307232,76.53610633344799,4.8439812786958765
Lukas et al,Fig2b_CMSX4_3,850.0,601.0,82.0,54.7356,35.2644,0.5,0.36355,62.358,27.775,-0.673,0.272166,1.0,1.9138138523837167,1123.15,0.8903530249744023,2.7788744720027396,0.577350416216075,0.8164964769643069,163.57176600000003,2.213708342559037,,near_111,2,1.9138138523837167,1.8335281705306783,68.1597785163159,16.878318882541592
Lukas et al,Fig2b_CMSX4_4,850.0,503.0,602.0,54.7356,35.2644,0.5,0.36355,62.358,27.775,-0.673,0.272166,1.0,2.7795964912578244,1123.15,0.8903530249744023,2.7015679850559273,0.577350416216075,0.8164964769643069,136.89949800000002,2.136401855612225,,near_111,6,2.7795964912578244,2.7821808512717583,605.5930065888975,0.5968449483218502
Lukas et al,Fig2b_CMSX4_5,850.0,479.0,754.0,54.7356,35.2644,0.5,0.36355,62.358,27.775,-0.673,0.272166,1.0,2.877371345869774,1123.15,0.8903530249744023,2.680335513414563,0.577350416216075,0.8164964769643069,130.367514,2.1151693839708607,,near_111,4,2.877371345869774,3.041574346486053,1100.4602159772865,45.94963076621836
Lukas et al,Fig2b_CMSX4_6,850.0,454.0,3008.0,54.7356,35.2644,0.5,0.36355,62.358,27.775,-0.673,0.272166,1.0,3.4782778319196046,1123.15,0.8903530249744023,2.6570558528571038,0.577350416216075,0.8164964769643069,123.563364,2.0918897234134013,,near_111,9,3.4782778319196046,3.1834467958060944,1525.6214837672726,49.28120067263057
Lukas et al,Fig2b_CMSX4_7,850.0,455.0,4137.0,54.7356,35.2644,0.5,0.36355,62.358,27.775,-0.673,0.272166,1.0,3.616685520895512,1123.15,0.8903530249744023,2.6580113966571126,0.577350416216075,0.8164964769643069,123.83553,2.09284526721341,,near_111,7,3.616685520895512,3.1233533299069394,1328.4748283481044,67.8879664407033
leng et al,A,800.0,760.0,175.0,1.5,44.2,0.45,0.36334,64.982,23.772,-0.9,0.416986,0.999388469,2.2430380486862944,1073.15,0.9318361831989935,2.8808135922807914,0.9996573249755573,0.7169106076504828,316.90936,2.5009350663796965,,near_001,8,2.2430380486862944,2.213739572260603,163.5835287124461,6.523697878602222
leng et al,C,800.0,760.0,85.0,14.7,46.5,0.45,0.36334,64.982,23.772,-0.9,0.482763,0.997334096,1.9294189257142926,1073.15,0.9318361831989935,2.8808135922807914,0.9672677527758768,0.6883545756937539,366.89988,2.5645475697135756,,interior,7,1.9294189257142926,2.228673348654295,169.30638960845528,99.18398777465327
leng et al,D,1100.0,137.0,200.0,1.5,44.2,0.45,0.36611,54.119,39.056,-0.599,0.416986,0.999388469,2.3010299956639813,1373.15,0.7282525579871099,2.1367205671564067,0.9996573249755573,0.7169106076504828,57.127082,1.756842041255312,,near_001,0,2.3010299956639813,2.3096320466274918,204.00088271431102,2.000441357155509
leng et al,F,1100.0,137.0,190.0,14.7,46.5,0.45,0.36611,54.119,39.056,-0.599,0.482763,0.997334096,2.278753600952829,1373.15,0.7282525579871099,2.1367205671564067,0.9672677527758768,0.6883545756937539,66.138531,1.820454544589191,,interior,9,2.278753600952829,2.269579893133635,186.02867514717067,2.0901709751733297
