paper_id,spec_no,alloy_id,T_C,T_K,stress_MPa,t_rupture_h,theta_from_001_deg,theta_from_011_deg,Stt(Sol. Treatment time),1satt,2satt,StT,1satT,2satT,Gamma prime size,Schmid110_1,Schmid110_2,Schmid110_3,Schmid112_1,Schmid112_2,Schmid112_3,Schmid112_to_110_ratio,Schmid112_range,Schmid 11,Schmid110_1_minus_Schmid110_2,Schmid112_to_110_ratio,Schmid112_range,Schmid110_range,Schmid112_1_minus_Schmid112_2,SFE,Liquidus,Misfit_percent
1988,CMSX2 1,CMSX-2,1050,1323.15,120,705,1.43,43.752,3,4,48,1300,1050,850,0.3,0.416961,0.416746,0.412824,0.478829,0.473399,0.468778,1.148376,0.010051,0.000215,0.000215,1.148376,0.010051,0.004137,0.00543,21,1665.8,-0.233
1988,CMSX2 2,CMSX-2,1050,1323.15,120,468,3.858,41.698,3,4,48,1300,1050,850,0.3,0.430445,0.428841,0.419568,0.488903,0.47488,0.463379,1.135808,0.025524,0.001604,0.001604,1.135808,0.025524,0.010877,0.014023,21,1665.8,-0.233
1988,CMSX2 3,CMSX-2,1050,1323.15,120,327,16.09,29.424,3,4,48,1300,1050,850,0.3,0.488234,0.475355,0.376191,0.484204,0.472708,0.376346,0.991746,0.107858,0.012879,0.012879,0.991746,0.107858,0.112043,0.011496,21,1665.8,-0.233
1988,CMSX2 4,CMSX-2,1050,1323.15,120,536,38.83,6.17,3,4,48,1300,1050,850,0.3,0.447156,0.447156,0.359908,0.465959,0.465959,0.308538,1.04205,0.157421,0,0,1.04205,0.157421,0.087248,0,21,1665.8,-0.233
1988,CMSX2 5,CMSX-2,1050,1323.15,120,191,41.982,20.176,3,4,48,1300,1050,850,0.3,0.437188,0.372071,0.28172,0.467226,0.290006,0.26323,1.068706,0.203996,0.065117,0.065117,1.068706,0.203996,0.155468,0.17722,21,1665.8,-0.233
1988,CMSX2 6,CMSX-2,1050,1323.15,120,286,47.064,20.343,3,4,48,1300,1050,850,0.3,0.410947,0.396412,0.228417,0.466129,0.24942,0.245652,1.13428,0.220477,0.014535,0.014535,1.13428,0.220477,0.18253,0.216709,21,1665.8,-0.233
1988,CMSX2 7,CMSX-2,1050,1323.15,120,474,51.269,29.881,3,4,48,1300,1050,850,0.3,0.334074,0.326605,0.261814,0.381443,0.286565,0.261838,1.141793,0.119605,0.007469,0.007469,1.141793,0.119605,0.07226,0.094878,21,1665.8,-0.233
1988,CMSX2 8,CMSX-2,1050,1323.15,120,682,52.168,32.413,3,4,48,1300,1050,850,0.3,0.308791,0.299973,0.277003,0.35147,0.309429,0.277591,1.138213,0.073879,0.008818,0.008818,1.138213,0.073879,0.031788,0.042041,21,1665.8,-0.233
1988,CMSX2 9,CMSX-2,1050,1323.15,120,1055,1.635,43.605,3,4,48,1300,1050,850,0.45,0.417954,0.417661,0.413816,0.479884,0.473297,0.468699,1.148173,0.011185,0.000293,0.000293,1.148173,0.011185,0.004138,0.006587,21,1665.8,-0.233
1988,CMSX2 10,CMSX-2,1050,1323.15,120,347,11.943,33.163,3,4,48,1300,1050,850,0.45,0.474645,0.470571,0.385258,0.491761,0.485268,0.401684,1.036061,0.090077,0.004074,0.004074,1.036061,0.090077,0.089387,0.006493,21,1665.8,-0.233
1988,CMSX2 11,CMSX-2,1050,1323.15,120,505,14.94,31.252,3,4,48,1300,1050,850,0.45,0.482413,0.465233,0.399819,0.489519,0.469886,0.398766,1.01473,0.090753,0.01718,0.01718,1.01473,0.090753,0.082594,0.019633,21,1665.8,-0.233
1988,CMSX2 12,CMSX-2,1050,1323.15,120,152,35.359,13.165,3,4,48,1300,1050,850,0.45,0.482572,0.418378,0.354278,0.483156,0.392264,0.352683,1.00121,0.130473,0.064194,0.064194,1.00121,0.130473,0.128294,0.090892,21,1665.8,-0.233
1988,CMSX2 13,CMSX-2,1050,1323.15,120,205,37.077,19.08,3,4,48,1300,1050,850,0.45,0.464937,0.352184,0.345869,0.471765,0.333529,0.301209,1.014687,0.170556,0.112753,0.112753,1.014687,0.170556,0.119068,0.138236,21,1665.8,-0.233
1988,CMSX2 14,CMSX-2,1050,1323.15,120,258,47.965,22.904,3,4,48,1300,1050,850,0.45,0.394915,0.381307,0.225915,0.448152,0.235861,0.232705,1.134806,0.215447,0.013608,0.013608,1.134806,0.215447,0.169,0.212291,21,1665.8,-0.233
1988,CMSX2 15,CMSX-2,1050,1323.15,120,382,45.578,26.865,3,4,48,1300,1050,850,0.45,0.382192,0.335874,0.298452,0.414576,0.309281,0.2474,1.084731,0.167176,0.046318,0.046318,1.084731,0.167176,0.08374,0.105295,21,1665.8,-0.233
1988,CMSX2 16,CMSX-2,1050,1323.15,120,522,52.185,29.974,3,4,48,1300,1050,850,0.45,0.329552,0.329207,0.25045,0.380335,0.275797,0.274653,1.154098,0.105682,0.000345,0.000345,1.154098,0.105682,0.079102,0.104538,21,1665.8,-0.233
1988,CMSX2 17,CMSX-2,1050,1323.15,120,290,44.126,6.762,3,4,48,1300,1050,850,0.45,0.438501,0.422063,0.373668,0.496847,0.42028,0.262659,1.133057,0.234188,0.016438,0.016438,1.133057,0.234188,0.064833,0.076567,21,1665.8,-0.233
1988,CMSX2 18,CMSX-2,1050,1323.15,120,381,44.195,1.771,3,4,48,1300,1050,850,0.45,0.421213,0.409665,0.405669,0.479708,0.461497,0.249854,1.138873,0.229854,0.011548,0.011548,1.138873,0.229854,0.015544,0.018211,21,1665.8,-0.233
1988,Alloy454 1,Alloy454,980,1253.15,200,239,2.508,42.765,1,2,0,1300,1290,0,0.5,0.423609,0.422987,0.415086,0.483502,0.475058,0.465762,1.141387,0.01774,0.000622,0.000622,1.141387,0.01774,0.008523,0.008444,,,
1988,Alloy454 2,Alloy454,980,1253.15,200,210,17.008,32.215,1,2,0,1300,1290,0,0.5,0.472104,0.439372,0.431268,0.483766,0.446339,0.413266,1.024704,0.0705,0.032732,0.032732,1.024704,0.0705,0.040836,0.037427,,,
1988,Alloy454 3,Alloy454,980,1253.15,200,248,22.836,23.232,1,2,0,1300,1290,0,0.5,0.49939,0.472152,0.335282,0.450446,0.443548,0.421421,0.901992,0.029025,0.027238,0.027238,0.901992,0.029025,0.164108,0.006898,,,
1988,Alloy454 4,Alloy454,980,1253.15,200,193,21.954,23.079,1,2,0,1300,1290,0,0.5,0.494884,0.490174,0.302424,0.454887,0.453574,0.40359,0.91918,0.051297,0.00471,0.00471,0.91918,0.051297,0.19246,0.001313,,,
1988,Alloy454 5,Alloy454,980,1253.15,200,340,36.872,12.898,1,2,0,1300,1290,0,0.5,0.477458,0.402304,0.367226,0.487678,0.384291,0.339303,1.021406,0.148375,0.075154,0.075154,1.021406,0.148375,0.110232,0.103387,,,
1988,Alloy454 6,Alloy454,980,1253.15,200,256,28.083,24.772,1,2,0,1300,1290,0,0.5,0.478181,0.397717,0.380434,0.434515,0.40281,0.393718,0.908684,0.040797,0.080464,0.080464,0.908684,0.040797,0.097747,0.031705,,,
1988,Alloy454 7,Alloy454,980,1253.15,200,232,36.939,28.542,1,2,0,1300,1290,0,0.5,0.41152,0.386591,0.2899,0.404965,0.375745,0.307808,0.984071,0.097157,0.024929,0.024929,0.984071,0.097157,0.12162,0.02922,,,
1988,Alloy454 8,Alloy454,980,1253.15,200,269,43.528,25.911,1,2,0,1300,1290,0,0.5,0.398483,0.336444,0.309757,0.42431,0.314573,0.265882,1.064814,0.158428,0.062039,0.062039,1.064814,0.158428,0.088726,0.109737,,,
1988,Alloy454 9,Alloy454,980,1253.15,200,195,46.402,15.364,1,2,0,1300,1290,0,0.5,0.428149,0.421188,0.28245,0.490365,0.32019,0.251211,1.145314,0.239154,0.006961,0.006961,1.145314,0.239154,0.145699,0.170175,,,
1988,MXON 1,MXON(M),850,1123.15,500,296,1.204,43.803,3,4,24,1300,1100,850,0.2,0.416613,0.416574,0.408823,0.476521,0.47551,0.466719,1.143799,0.009802,3.9E-05,0.000039,1.143799,0.009802,0.00779,0.001011,21,1630.3,-0.32
1988,MXON 2,MXON(M),850,1123.15,500,293,0.571,44.601,3,4,24,1300,1100,850,0.2,0.411108,0.411068,0.411061,0.474633,0.471385,0.471331,1.15452,0.003302,4E-05,0.00004,1.15452,0.003302,0.000047,0.003248,21,1630.3,-0.32
1988,MXON 3,MXON(M),850,1123.15,500,327,3.075,42.08,3,4,24,1300,1100,850,0.2,0.42813,0.427447,0.413025,0.484852,0.477933,0.461595,1.132488,0.023257,0.000683,0.000683,1.132488,0.023257,0.015105,0.006919,21,1630.3,-0.32
1988,MXON 4,MXON(M),850,1123.15,500,189,45.998,16.121,3,4,24,1300,1100,850,0.2,0.429051,0.415464,0.278993,0.487581,0.310295,0.255557,1.136418,0.232024,0.013587,0.013587,1.136418,0.232024,0.150058,0.177286,21,1630.3,-0.32
1988,MXON 5,MXON(M),850,1123.15,500,1396,51.082,31.713,3,4,24,1300,1100,850,0.2,0.319361,0.304576,0.283718,0.36023,0.313463,0.261481,1.127972,0.098749,0.014785,0.014785,1.127972,0.098749,0.035643,0.046767,21,1630.3,-0.32
1988,MXON 6,MXON(M),850,1123.15,500,900,52.529,33.441,3,4,24,1300,1100,850,0.2,0.29787,0.288456,0.282845,0.338516,0.31859,0.283278,1.136454,0.055238,0.009414,0.009414,1.136454,0.055238,0.015025,0.019926,21,1630.3,-0.32
1988,MXON 7,MXON(M),850,1123.15,500,390,1.58,44.473,3,4,24,1300,1100,850,0.36,0.418559,0.418358,0.411657,0.479093,0.474832,0.467134,1.144624,0.011959,0.000201,0.000201,1.144624,0.011959,0.006902,0.004261,21,1630.3,-0.32
1988,MXON 8,MXON(M),850,1123.15,500,382,1.217,43.811,3,4,24,1300,1100,850,0.36,0.416568,0.416492,0.409756,0.47699,0.474965,0.467293,1.145049,0.009697,7.6E-05,0.000076,1.145049,0.009697,0.006812,0.002025,21,1630.3,-0.32
1988,MXON 9,MXON(M),850,1123.15,500,459,2.37,43.155,3,4,24,1300,1100,850,0.36,0.420893,0.420215,0.41787,0.483477,0.472237,0.468937,1.148693,0.01454,0.000678,0.000678,1.148693,0.01454,0.003023,0.01124,21,1630.3,-0.32
1988,MXON 10,MXON(M),850,1123.15,500,369,4.449,41.611,3,4,24,1300,1100,850,0.36,0.430599,0.428198,0.425326,0.491396,0.47128,0.465791,1.141191,0.025605,0.002401,0.002401,1.141191,0.025605,0.005273,0.020116,21,1630.3,-0.32
1988,MXON 11,MXON(M),850,1123.15,500,411,5.151,39.991,3,4,24,1300,1100,850,0.36,0.441099,0.439671,0.410663,0.490117,0.482389,0.450669,1.111127,0.039448,0.001428,0.001428,1.111127,0.039448,0.030436,0.007728,21,1630.3,-0.32
1988,MXON 12,MXON(M),850,1123.15,500,65,37.288,19.599,3,4,24,1300,1100,850,0.36,0.462058,0.350939,0.338897,0.469384,0.330923,0.294122,1.015856,0.175262,0.111119,0.111119,1.015856,0.175262,0.123161,0.138461,21,1630.3,-0.32
1988,MXON 13,MXON(M),850,1123.15,500,26,47.001,17.634,3,4,24,1300,1100,850,0.36,0.420111,0.413195,0.255552,0.48111,0.28878,0.246544,1.145196,0.234566,0.006916,0.006916,1.145196,0.234566,0.164559,0.19233,21,1630.3,-0.32
1988,MXON 14,MXON(M),850,1123.15,500,144,49.203,24.168,3,4,24,1300,1100,850,0.36,0.382196,0.376259,0.224263,0.437894,0.234458,0.224088,1.145733,0.213806,0.005937,0.005937,1.145733,0.213806,0.157933,0.203436,21,1630.3,-0.32
1988,MXON 15,MXON(M),850,1123.15,500,119,51.563,31.566,3,4,24,1300,1100,850,0.36,0.318725,0.308047,0.276029,0.361867,0.305654,0.268259,1.135356,0.093608,0.010678,0.010678,1.135356,0.093608,0.042696,0.056213,21,1630.3,-0.32
1988,MXON 16,MXON(M),850,1123.15,500,166,53.295,33.698,3,4,24,1300,1100,850,0.36,0.292585,0.287811,0.275455,0.335092,0.312251,0.29415,1.14528,0.040942,0.004774,0.004774,1.14528,0.040942,0.01713,0.022841,21,1630.3,-0.32
1988,Alloy454 10,Alloy454,760,1033.15,758,218,1.553,43.687,1,2,,1300,1290,,0.5,0.417393,0.417124,0.413704,0.479524,0.473094,0.468987,1.148854,0.010537,0.000269,0.000269,1.148854,0.010537,0.003689,0.00643,16.41,1623,-0.0335
1988,Alloy454 11,Alloy454,760,1033.15,758,363,3.585,41.56,1,2,,1300,1290,,0.5,0.431464,0.430626,0.412543,0.48632,0.479263,0.458984,1.12714,0.027336,0.000838,0.000838,1.12714,0.027336,0.018921,0.007057,16.41,1623,-0.0335
1988,Alloy454 12,Alloy454,760,1033.15,758,398,11.08,36.865,1,2,,1300,1290,,0.5,0.454772,0.440063,0.439419,0.499277,0.460732,0.44683,1.097861,0.052447,0.014709,0.014709,1.097861,0.052447,0.015353,0.038545,16.41,1623,-0.0335
1988,Alloy454 13,Alloy454,760,1033.15,758,350,18.057,33.885,1,2,,1300,1290,,0.5,0.456412,0.451723,0.417217,0.479053,0.42795,0.424244,1.049607,0.054809,0.004689,0.004689,1.049607,0.054809,0.039195,0.051103,16.41,1623,-0.0335
1988,Alloy454 14,Alloy454,760,1033.15,758,26,10.186,35.804,1,2,,1300,1290,,0.5,0.463507,0.454306,0.417098,0.497793,0.476286,0.432919,1.073972,0.064874,0.009201,0.009201,1.073972,0.064874,0.046409,0.021507,16.41,1623,-0.0335
1988,Alloy454 15,Alloy454,760,1033.15,758,377,15.665,30.033,1,2,,1300,1290,,0.5,0.486605,0.472229,0.38423,0.486176,0.472212,0.384092,0.999118,0.102084,0.014376,0.014376,0.999118,0.102084,0.102375,0.013964,16.41,1623,-0.0335
1988,Alloy454 16,Alloy454,760,1033.15,758,323,26.887,18.324,1,2,,1300,1290,,0.5,0.495281,0.481175,0.262877,0.43625,0.421603,0.421434,0.880812,0.014816,0.014106,0.014106,0.880812,0.014816,0.232404,0.014647,16.41,1623,-0.0335
1988,Alloy454 17,Alloy454,760,1033.15,758,25,36.925,10.608,1,2,,1300,1290,,0.5,0.475235,0.422211,0.366117,0.485755,0.413706,0.337377,1.022136,0.148378,0.053024,0.053024,1.022136,0.148378,0.109118,0.072049,16.41,1623,-0.0335
1988,Alloy454 18,Alloy454,760,1033.15,758,19,37.444,19.919,1,2,,1300,1290,,0.5,0.460089,0.350214,0.334302,0.467828,0.329069,0.291463,1.016822,0.176365,0.109875,0.109875,1.016822,0.176365,0.125787,0.138759,16.41,1623,-0.0335
1988,Alloy454 19,Alloy454,760,1033.15,758,906,22.127,27.458,1,2,,1300,1290,,0.5,0.485435,0.436023,0.400626,0.454511,0.431132,0.409667,0.936296,0.044844,0.049412,0.049412,0.936296,0.044844,0.084809,0.023379,16.41,1623,-0.0335
1988,Alloy454 20,Alloy454,760,1033.15,758,71,30.789,28.894,1,2,,1300,1290,,0.5,0.439173,0.416461,0.332709,0.405954,0.380856,0.371067,0.92436,0.034887,0.022712,0.022712,0.92436,0.034887,0.106464,0.025098,16.41,1623,-0.0335
1988,Alloy454 21,Alloy454,760,1033.15,758,36,39.423,29.142,1,2,,1300,1290,,0.5,0.394468,0.375526,0.293268,0.397064,0.374372,0.286174,1.006582,0.11089,0.018942,0.018942,1.006582,0.11089,0.1012,0.022692,16.41,1623,-0.0335
1988,Alloy454 22,Alloy454,760,1033.15,758,30,46.568,21.545,1,2,,1300,1290,,0.5,0.408375,0.385252,0.227903,0.458201,0.249126,0.231989,1.122009,0.226212,0.023123,0.023123,1.122009,0.226212,0.180472,0.209075,16.41,1623,-0.0335
1988,Alloy454 23,Alloy454,760,1033.15,758,27,53.7,34.211,1,2,,1300,1290,,0.5,0.286182,0.282584,0.275327,0.328377,0.313862,0.299939,1.147442,0.028438,0.003598,0.003598,1.147442,0.028438,0.010855,0.014515,16.41,1623,-0.0335
1988,CMSX2 19,CMSX-2,760,1033.15,750,412,0,45,3,4,48,1300,1050,850,0.23,0.408248,0.408248,0.408248,0.471405,0.471405,0.471405,1.154701,0,0,0,1.154701,0,0,0,26.7243,1665.8,-0.2
1988,CMSX2 20,CMSX-2,760,1033.15,750,230,3.424,41.868,3,4,48,1300,1050,850,0.23,0.429478,0.428426,0.415643,0.486716,0.476895,0.462084,1.133275,0.024632,0.001052,0.001052,1.133275,0.024632,0.013835,0.009821,26.7243,1665.8,-0.2
1988,CMSX2 21,CMSX-2,760,1033.15,750,1203,50.821,32.612,3,4,48,1300,1050,850,0.23,0.312267,0.296057,0.292958,0.349427,0.328193,0.258205,1.118999,0.091222,0.01621,0.01621,1.118999,0.091222,0.019309,0.021234,26.7243,1665.8,-0.2
1988,CMSX2 22,CMSX-2,760,1033.15,750,1012,52.396,31.741,3,4,48,1300,1050,850,0.23,0.3139,0.309008,0.266925,0.359636,0.29742,0.280169,1.145704,0.079467,0.004892,0.004892,1.145704,0.079467,0.046975,0.062216,26.7243,1665.8,-0.2
1988,CMSX2 23,CMSX-2,760,1033.15,750,459,52.869,32.116,3,4,48,1300,1050,850,0.3,0.308759,0.306181,0.264584,0.355036,0.296327,0.287112,1.149881,0.067924,0.002578,0.002578,1.149881,0.067924,0.044175,0.058709,26.7243,1665.8,-0.2
1988,CMSX2 24,CMSX-2,760,1033.15,750,518,48.632,30.288,3,4,48,1300,1050,850,0.3,0.341913,0.312263,0.299083,0.377689,0.322502,0.223785,1.104634,0.153904,0.02965,0.02965,1.104634,0.153904,0.04283,0.055187,26.7243,1665.8,-0.2
1988,CMSX2 25,CMSX-2,760,1033.15,750,347,48.487,28.195,3,4,48,1300,1050,850,0.3,0.359182,0.33406,0.279008,0.400243,0.297144,0.221878,1.114319,0.178365,0.025122,0.025122,1.114319,0.178365,0.080174,0.103099,26.7243,1665.8,-0.2
1988,CMSX2 26,CMSX-2,760,1033.15,750,15,41.427,19.92,3,4,48,1300,1050,850,0.3,0.440966,0.370814,0.290045,0.468681,0.295093,0.268865,1.062852,0.199816,0.070152,0.070152,1.062852,0.199816,0.150921,0.173588,26.7243,1665.8,-0.2
1988,CMSX2 27,CMSX-2,760,1033.15,750,50,48.361,20.755,3,4,48,1300,1050,850,0.3,0.402644,0.400102,0.212271,0.463466,0.242567,0.233935,1.151055,0.229531,0.002542,0.002542,1.151055,0.229531,0.190373,0.220899,26.7243,1665.8,-0.2
1988,CMSX2 28,CMSX-2,760,1033.15,750,4,40.357,11.106,3,4,48,1300,1050,850,0.3,0.462962,0.395013,0.377761,0.495352,0.386253,0.306522,1.069962,0.18883,0.067949,0.067949,1.069962,0.18883,0.085201,0.109099,26.7243,1665.8,-0.2
1988,CMSX2 29,CMSX-2,760,1033.15,750,19,29.956,22.14,3,4,48,1300,1050,850,0.3,0.483392,0.400322,0.348819,0.45047,0.386789,0.384557,0.931894,0.065913,0.08307,0.08307,0.931894,0.065913,0.134573,0.063681,26.7243,1665.8,-0.2
1988,CMSX2 30,CMSX-2,760,1033.15,750,343,11.118,35.836,3,4,48,1300,1050,850,0.3,0.461945,0.448538,0.42842,0.498572,0.468096,0.437608,1.079289,0.060964,0.013407,0.013407,1.079289,0.060964,0.033525,0.030476,26.7243,1665.8,-0.2
1988,CMSX2 31,CMSX-2,760,1033.15,750,430,9.904,35.24,3,4,48,1300,1050,850,0.3,0.466069,0.462398,0.396856,0.49397,0.485923,0.419288,1.059865,0.074682,0.003671,0.003671,1.059865,0.074682,0.069213,0.008047,26.7243,1665.8,-0.2
1988,CMSX2 32,CMSX-2,760,1033.15,750,569,2.872,42.532,3,4,48,1300,1050,850,0.3,0.425103,0.424215,0.417115,0.485229,0.474458,0.465826,1.141441,0.019403,0.000888,0.000888,1.141441,0.019403,0.007988,0.010771,26.7243,1665.8,-0.2
1988,CMSX2 33,CMSX-2,760,1033.15,750,780,13.149,31.852,3,4,48,1300,1050,850,0.3,0.477775,0.477323,0.367192,0.48732,0.486724,0.383422,1.019977,0.103898,0.000452,0.000452,1.019977,0.103898,0.110583,0.000596,26.7243,1665.8,-0.2
1988,CMSX2 34,CMSX-2,760,1033.15,750,3.5,38.379,6.622,3,4,48,1300,1050,850,0.3,0.450053,0.4491,0.356661,0.465756,0.464511,0.313758,1.034893,0.151998,0.000953,0.000953,1.034893,0.151998,0.093392,0.001245,26.7243,1665.8,-0.2
1988,CMSX2 35,CMSX-2,760,1033.15,750,3,44.087,4.11,3,4,48,1300,1050,850,0.3,0.431255,0.417022,0.392097,0.489753,0.443688,0.257202,1.135646,0.232551,0.014233,0.014233,1.135646,0.232551,0.039158,0.046065,26.7243,1665.8,-0.2
1988,CMSX2 36,CMSX-2,760,1033.15,750,1138,1.988,43.177,3,4,48,1300,1050,850,0.45,0.420877,0.420522,0.413073,0.481072,0.475068,0.466449,1.143022,0.014623,0.000355,0.000355,1.143022,0.014623,0.007804,0.006004,26.7243,1665.8,-0.2
1988,CMSX2 37,CMSX-2,760,1033.15,750,759,5.813,40.111,3,4,48,1300,1050,850,0.45,0.440021,0.436317,0.424086,0.494615,0.474361,0.458218,1.124073,0.036397,0.003704,0.003704,1.124073,0.036397,0.015935,0.020254,26.7243,1665.8,-0.2
1988,CMSX2 38,CMSX-2,760,1033.15,750,664,14.188,30.837,3,4,48,1300,1050,850,0.45,0.481789,0.479301,0.365429,0.486269,0.483454,0.377267,1.0093,0.109002,0.002488,0.002488,1.0093,0.109002,0.11636,0.002815,26.7243,1665.8,-0.2
1988,CMSX2 39,CMSX-2,760,1033.15,750,550,13.324,34.054,3,4,48,1300,1050,850,0.45,0.469364,0.450408,0.42638,0.495269,0.463535,0.426054,1.055191,0.069215,0.018956,0.018956,1.055191,0.069215,0.042984,0.031734,26.7243,1665.8,-0.2
1988,CMSX2 40,CMSX-2,760,1033.15,750,484,22.873,29.201,3,4,48,1300,1050,850,0.45,0.472135,0.422609,0.413257,0.448595,0.416554,0.401208,0.950141,0.047387,0.049526,0.049526,0.950141,0.047387,0.058878,0.032041,26.7243,1665.8,-0.2
1988,CMSX2 41,CMSX-2,760,1033.15,750,30,34.882,13.344,3,4,48,1300,1050,850,0.45,0.48403,0.42273,0.349966,0.481508,0.393872,0.356857,0.994789,0.124651,0.0613,0.0613,0.994789,0.124651,0.134064,0.087636,26.7243,1665.8,-0.2
1988,CMSX2 42,CMSX-2,760,1033.15,750,8,36.585,19.141,3,4,48,1300,1050,850,0.45,0.466967,0.350924,0.349125,0.471171,0.33764,0.304568,1.009002,0.166603,0.116043,0.116043,1.009002,0.166603,0.117842,0.133531,26.7243,1665.8,-0.2
1988,CMSX2 43,CMSX-2,760,1033.15,750,8,38.673,25.935,3,4,48,1300,1050,850,0.45,0.421864,0.351028,0.317167,0.42668,0.342498,0.304011,1.011415,0.122669,0.070836,0.070836,1.011415,0.122669,0.104697,0.084182,26.7243,1665.8,-0.2
1988,CMSX2 44,CMSX-2,760,1033.15,750,23,46.866,27.164,3,4,48,1300,1050,850,0.45,0.374081,0.338054,0.287217,0.411151,0.300844,0.236777,1.099096,0.174374,0.036027,0.036027,1.099096,0.174374,0.086864,0.110307,26.7243,1665.8,-0.2
1988,CMSX2 45,CMSX-2,760,1033.15,750,33,48.67,28.517,3,4,48,1300,1050,850,0.45,0.355935,0.331417,0.280217,0.396843,0.299326,0.221918,1.114931,0.174925,0.024518,0.024518,1.114931,0.174925,0.075718,0.097517,26.7243,1665.8,-0.2
1988,CMSX2 46,CMSX-2,760,1033.15,750,32,50.374,28.274,3,4,48,1300,1050,850,0.45,0.350272,0.340794,0.255897,0.398987,0.275964,0.246138,1.139079,0.152849,0.009478,0.009478,1.139079,0.152849,0.094375,0.123023,26.7243,1665.8,-0.2
1988,CMSX2 47,CMSX-2,760,1033.15,750,28,51.3,30.244,3,4,48,1300,1050,850,0.45,0.331,0.322564,0.265361,0.377335,0.291118,0.262858,1.139985,0.114477,0.008436,0.008436,1.139985,0.114477,0.065639,0.086217,26.7243,1665.8,-0.2
1988,CMSX2 48,CMSX-2,760,1033.15,750,36,53.108,32.54,3,4,48,1300,1050,850,0.45,0.304046,0.301799,0.265877,0.349784,0.298967,0.290809,1.150433,0.058975,0.002247,0.002247,1.150433,0.058975,0.038169,0.050817,26.7243,1665.8,-0.2
1988,CMSX2 49,CMSX-2,760,1033.15,750,21,45.039,17.963,3,4,48,1300,1050,850,0.45,0.429625,0.400748,0.270771,0.479416,0.286226,0.264716,1.115894,0.2147,0.028877,0.028877,1.115894,0.2147,0.158854,0.19319,26.7243,1665.8,-0.2
1988,CMSX2 50,CMSX-2,760,1033.15,750,15,42.781,8.525,3,4,48,1300,1050,850,0.45,0.449037,0.413416,0.373116,0.497937,0.4057,0.279818,1.1089,0.218119,0.035621,0.035621,1.1089,0.218119,0.075921,0.092237,26.7243,1665.8,-0.2
1988,CMSX2 51,CMSX-2,760,1033.15,750,9,43.78,6.004,3,4,48,1300,1050,850,0.45,0.438653,0.418645,0.382112,0.494961,0.427883,0.264808,1.128366,0.230153,0.020008,0.020008,1.128366,0.230153,0.056541,0.067078,26.7243,1665.8,-0.2
1988,CMSX2 52,CMSX-2,760,1033.15,750,44,44.093,2.147,3,16,48,1300,1050,850,0.45,0.423462,0.410394,0.404349,0.481427,0.458989,0.25203,1.136885,0.229397,0.013068,0.013068,1.136885,0.229397,0.019113,0.022438,26.7243,1665.8,-0.2
mackay,MARM 247 01,MARM247,774,1047.15,724,179,3,42,2,24,0,1232,816,0,0.23,0.428467,0.428467,0.406012,0.481787,0.481787,0.457149,1.124443,0.024638,0,0,1.124443,0.024638,0.022455,0,,,
mackay,B ,MARM247,774,1047.15,724,26,7,38.5,2,24,0,1232,816,0,0.23,0.449715,0.445754,0.416049,0.495275,0.479977,0.446402,1.101308,0.048873,0.003961,0.003961,1.101308,0.048873,0.033666,0.015298,,,
mackay,C,MARM247,774,1047.15,724,21,10,36,2,24,0,1232,816,0,0.23,0.462535,0.453549,0.417844,0.49791,0.476216,0.434326,1.076482,0.063584,0.008986,0.008986,1.076482,0.063584,0.044691,0.021694,,,
mackay,D,MARM247,774,1047.15,724,37,8,37.5,2,24,0,1232,816,0,0.23,0.455178,0.45034,0.413864,0.496156,0.480742,0.44026,1.090026,0.055896,0.004838,0.004838,1.090026,0.055896,0.041314,0.015414,,,
mackay,E,MARM247,774,1047.15,724,20,28,17,2,24,0,1232,816,0,0.3,0.487496,0.487496,0.259206,0.431108,0.431108,0.413259,0.884333,0.017849,0,0,0.884333,0.017849,0.22829,0,,,
mackay,F,MARM247,774,1047.15,724,138,45,28,2,24,0,1232,816,0,0.3,0.376596,0.322935,0.31615,0.403874,0.328155,0.248409,1.072434,0.155465,0.053661,0.053661,1.072434,0.155465,0.060446,0.075719,,,
mackay,G,MARM247,774,1047.15,724,1242,52.5,34.5,2,24,0,1232,816,0,0.3,0.29369,0.287698,0.282715,0.332788,0.324843,0.282975,1.133126,0.049813,0.005992,0.005992,1.133126,0.049813,0.010975,0.007945,,,
mackay,H,MARM247,774,1047.15,724,1,39,7,2,24,0,1232,816,0,0.3,0.45906,0.428757,0.37639,0.482347,0.443151,0.312768,1.050729,0.169579,0.030303,0.030303,1.050729,0.169579,0.08267,0.039196,,,
mackay,I,MARM247,774,1047.15,724,0.5,43,6.5,2,24,0,1232,816,0,0.3,0.444032,0.413483,0.385924,0.495087,0.425122,0.274,1.114979,0.221087,0.030549,0.030549,1.114979,0.221087,0.058108,0.069965,,,
mackay,J,MARM247,774,1047.15,724,14,8,39.5,2,24,0,1232,816,0,0.3,0.441365,0.438847,0.433469,0.499073,0.46348,0.461055,1.130748,0.038018,0.002518,0.002518,1.130748,0.038018,0.007896,0.035593,,,
mackay,K,MARM247,774,1047.15,724,26,9.5,36,2,24,0,1232,816,0,0.3,0.462839,0.456621,0.409494,0.496462,0.481208,0.430257,1.072644,0.066205,0.006218,0.006218,1.072644,0.066205,0.053345,0.015254,,,
mackay,L,MARM247,774,1047.15,724,41,5.5,40.5,2,24,0,1232,816,0,0.3,0.437585,0.434136,0.425074,0.494074,0.473273,0.460527,1.129092,0.033547,0.003449,0.003449,1.129092,0.033547,0.012511,0.020801,,,
mackay,M,MARM247,774,1047.15,724,53,10.5,35,2,24,0,1232,816,0,0.3,0.467578,0.460405,0.405874,0.496005,0.481046,0.42308,1.060796,0.072925,0.007173,0.007173,1.060796,0.072925,0.061704,0.014959,,,
mackay,N,MARM247,774,1047.15,724,53,5.5,41,2,24,0,1232,816,0,0.3,0.433947,0.430227,0.42999,0.494499,0.469068,0.465045,1.139536,0.029454,0.00372,0.00372,1.139536,0.029454,0.003957,0.025431,,,
mackay,O,MARM247,774,1047.15,724,59,2,43.5,2,24,0,1232,816,0,0.3,0.418574,0.418082,0.417004,0.481853,0.471691,0.469963,1.151178,0.01189,0.000492,0.000492,1.151178,0.01189,0.00157,0.010162,,,
mackay,P,MARM247,774,1047.15,724,74,4,42,2,24,0,1232,816,0,0.3,0.428166,0.426209,0.424354,0.489943,0.471097,0.46709,1.144283,0.022853,0.001957,0.001957,1.144283,0.022853,0.003812,0.018846,,,
mackay,Q,MARM247,774,1047.15,724,80,5.5,41,2,24,0,1232,816,0,0.3,0.433947,0.430227,0.42999,0.494499,0.469068,0.465045,1.139536,0.029454,0.00372,0.00372,1.139536,0.029454,0.003957,0.025431,,,
mackay,R,MARM247,774,1047.15,724,82,7.5,39,2,24,0,1232,816,0,0.45,0.445864,0.439373,0.429714,0.49802,0.470986,0.455224,1.116978,0.042796,0.006491,0.006491,1.116978,0.042796,0.01615,0.027034,,,
mackay,S,MARM247,774,1047.15,724,90,4,41.5,2,24,0,1232,816,0,0.45,0.431743,0.430098,0.41885,0.48919,0.475714,0.462113,1.13306,0.027077,0.001645,0.001645,1.13306,0.027077,0.012893,0.013476,,,
mackay,T,MARM247,774,1047.15,724,98,5,40,2,24,0,1232,816,0,0.45,0.440593,0.440593,0.402046,0.486498,0.486498,0.445569,1.104189,0.040929,0,0,1.104189,0.040929,0.038547,0,,,
mackay,U,MARM247,774,1047.15,724,109,1.5,43.5,2,24,0,1232,816,0,0.45,0.418652,0.418652,0.407689,0.477088,0.477088,0.464752,1.139582,0.012336,0,0,1.139582,0.012336,0.010963,0,,,
mackay,V,MARM247,774,1047.15,724,141,2,43,2,24,0,1232,816,0,0.45,0.42199,0.42199,0.407254,0.478764,0.478764,0.462322,1.134539,0.016442,0,0,1.134539,0.016442,0.014736,0,,,
1988,CMSX-4 01,CMSX-4,760,1033.15,750,1900,0,45,9,6,16,1300,1140,870,0.34,0.408248,0.408248,0.408248,0.471405,0.471405,0.471405,1.154701,0,0,0,1.154701,0,0,0,19.7,1674.4,-0.599
1988,CMSX-4 02,CMSX-4,760,1033.15,750,1050,0,45,9,6,16,1300,1140,870,0.22,0.408248,0.408248,0.408248,0.471405,0.471405,0.471405,1.154701,0,0,0,1.154701,0,0,0,19.7,1674.4,-0.599
1988,CMSX-4 03,CMSX-4,760,1033.15,750,120,54.74,35.26,9,6,16,1300,1140,870,0.54,0.272239,0.272239,0.272195,0.314329,0.314329,0.31415,1.154607,0.000179,0,0,1.154607,0.000179,0.000044,0,19.7,1674.4,-0.599
1988,CMSX-4 04,CMSX-4,760,1033.15,750,1000,54.74,35.26,9,6,16,1300,1140,870,0.34,0.272239,0.272239,0.272195,0.314329,0.314329,0.31415,1.154607,0.000179,0,0,1.154607,0.000179,0.000044,0,19.7,1674.4,-0.599
1988,CMSX-4 05,CMSX-4,760,1033.15,750,1800,54.74,35.26,9,6,16,1300,1140,870,0.22,0.272239,0.272239,0.272195,0.314329,0.314329,0.31415,1.154607,0.000179,0,0,1.154607,0.000179,0.000044,0,19.7,1674.4,-0.599
Gunturi et al.,CMSX-04 -6,CMSX-4,750,1023.15,750,118,34,27.237,9,6,16,1300,1140,870,0.45,0.435688,0.390189,0.30997,0.418287,0.366419,0.336347,0.96006,0.08194,0.045499,0.045499,0.96006,0.08194,0.125718,0.051868,19.9,1674.4,-0.616
Gunturi et al.,CMSX-04 -7,CMSX-4,750,1023.15,720,110,47.9,23.22,9,6,16,1300,1140,870,0.45,0.393607,0.378362,0.230475,0.445697,0.237744,0.236051,1.13234,0.209646,0.015245,0.015245,1.13234,0.209646,0.163132,0.207953,19.9,1674.4,-0.616
Gunturi et al.,CMSX-04 -8,CMSX-4,750,1023.15,675,40,42.2,15.574,9,6,16,1300,1140,870,0.45,0.450147,0.396203,0.32081,0.488641,0.324959,0.291037,1.085513,0.197604,0.053944,0.053944,1.085513,0.197604,0.129337,0.163682,19.9,1674.4,-0.616
Gunturi et al.,CMSX-04 -9,CMSX-4,750,1023.15,750,5,42.2,15.574,9,6,16,1300,1140,870,0.45,0.450147,0.396203,0.32081,0.488641,0.324959,0.291037,1.085513,0.197604,0.053944,0.053944,1.085513,0.197604,0.129337,0.163682,19.9,1674.4,-0.616
Gunturi et al.,CMSX-04 -10,CMSX-4,750,1023.15,720,5,41.3,4.443,9,6,16,1300,1140,870,0.45,0.442881,0.420595,0.391166,0.481537,0.453995,0.285556,1.087283,0.195981,0.022286,0.022286,1.087283,0.195981,0.051715,0.027542,19.9,1674.4,-0.616
Gunturi et al. ,CMSX-04 -11,CMSX-4,750,1023.15,750,5,37.5,7.505,9,6,16,1300,1140,870,0.45,0.455212,0.45301,0.349875,0.464817,0.461889,0.323633,1.021101,0.141184,0.002202,0.002202,1.021101,0.141184,0.105337,0.002928,19.9,1674.4,-0.616
G.M. Han et al.,A SRR99,SRR99,760,1033.15,790,456,3.85,41.78,4,4,16,1300,1100,870,0.45,0.429871,0.428213,0.420472,0.489031,0.47414,0.464208,1.137621,0.024823,0.001658,0.001658,1.137621,0.024823,0.009399,0.014891,,,
G.M. Han et al.,B ,SRR99,760,1033.15,790,449,5.85,40.53,4,4,16,1300,1100,870,0.45,0.436978,0.432856,0.429044,0.495239,0.470443,0.462434,1.133325,0.032805,0.004122,0.004122,1.133325,0.032805,0.007934,0.024796,,,
G.M. Han et al.,C ,SRR99,760,1033.15,790,435,9.43,35.31,4,4,16,1300,1100,870,0.45,,,,,,,,,0,,,,,,,,
G.M. Han et al.,D,SRR99,760,1033.15,790,295,12.53,34.75,4,4,16,1300,1100,870,0.45,0.466454,0.449462,0.428073,0.496834,0.464913,0.430954,1.065131,0.06588,0.016992,0.016992,1.065131,0.06588,0.038381,0.031921,,,
G.M. Han et al.,E,SRR99,760,1033.15,790,329,15.79,31.23,4,4,16,1300,1100,870,0.45,0.481251,0.458231,0.409456,0.487669,0.462476,0.402198,1.013336,0.085471,0.02302,0.02302,1.013336,0.085471,0.071795,0.025193,,,
G.M. Han et al.,F,SRR99,760,1033.15,790,376,18.39,31.38,4,4,16,1300,1100,870,0.45,0.473454,0.435272,0.429543,0.477256,0.4404,0.405742,1.008031,0.071514,0.038182,0.038182,1.008031,0.071514,0.043911,0.036856,,,
G.M. Han et al.,G,SRR99,760,1033.15,790,326,21.36,25.36,4,4,16,1300,1100,870,0.45,0.496598,0.464938,0.363403,0.459964,0.447409,0.412724,0.926229,0.04724,0.03166,0.03166,0.926229,0.04724,0.133195,0.012555,,,
G.M. Han et al.,H,SRR99,760,1033.15,790,93,23.93,26.09,4,4,16,1300,1100,870,0.45,0.486782,0.430301,0.390055,0.441023,0.422533,0.420598,0.905998,0.020425,0.056481,0.056481,0.905998,0.020425,0.096727,0.01849,,,
G.M. Han et al.,I,SRR99,760,1033.15,790,118,25.73,27.82,4,4,16,1300,1100,870,0.45,0.469741,0.412538,0.396324,0.424609,0.413358,0.400256,0.903923,0.024353,0.057203,0.057203,0.903923,0.024353,0.073417,0.011251,,,
G.M. Han et al.,J,SRR99,760,1033.15,790,135,29.22,15.7,4,4,16,1300,1100,870,0.45,,,,,,,,,0,,,,,,,,
G.M. Han et al.,K,SRR99,760,1033.15,790,4.7,43.4,2.41,4,4,16,1300,1100,870,0.45,0.42741,0.410039,0.404738,0.480441,0.459795,0.259856,1.124074,0.220585,0.017371,0.017371,1.124074,0.220585,0.022672,0.020646,,,
G.M. Han et al.,L,SRR99,760,1033.15,790,107,35.57,10.66,4,4,16,1300,1100,870,0.45,0.477439,0.440584,0.350544,0.478036,0.42673,0.348913,1.00125,0.129123,0.036855,0.036855,1.00125,0.129123,0.126895,0.051306,,,
G.M. Han et al.,M,SRR99,760,1033.15,790,3,45.87,13.53,4,4,16,1300,1100,870,0.45,0.433293,0.425087,0.303834,0.495586,0.34416,0.2549,1.143766,0.240686,0.008206,0.008206,1.143766,0.240686,0.129459,0.151426,,,
G.M. Han et al.,N,SRR99,760,1033.15,790,11.5,42.3,24.35,4,4,16,1300,1100,870,0.45,0.414358,0.344327,0.305312,0.438027,0.304655,0.279662,1.057122,0.158365,0.070031,0.070031,1.057122,0.158365,0.109046,0.133372,,,
G.M. Han et al.,O,SRR99,760,1033.15,790,4,45.97,31.43,4,4,16,1300,1100,870,0.45,0.343763,0.339151,0.291243,0.366621,0.360795,0.228794,1.066494,0.137827,0.004612,0.004612,1.066494,0.137827,0.05252,0.005826,,,
G.M. Han et al.,P,SRR99,760,1033.15,790,20,49.26,29.73,4,4,16,1300,1100,870,0.45,0.343806,0.320639,0.285818,0.383617,0.308572,0.232573,1.115796,0.151044,0.023167,0.023167,1.115796,0.151044,0.057988,0.075045,,,
G.M. Han et al.,Q,SRR99,760,1033.15,790,10,42.08,29.03,4,4,16,1300,1100,870,0.45,0.382405,0.353566,0.303064,0.395756,0.360438,0.266589,1.034912,0.129167,0.028839,0.028839,1.034912,0.129167,0.079341,0.035318,,,
G.M. Han et al.,A SRR99,SRR99,1040,1313.15,165,135,5.273,40.308,4,4,16,1300,1100,870,0.45,0.439109,0.4364,0.419675,0.492691,0.476985,0.457008,1.122026,0.035683,0.002709,0.002709,1.122026,0.035683,0.019434,0.015706,20.33,1658,-0.24
G.M. Han et al.,B,SRR99,1040,1313.15,165,148,6.936,39.646,4,4,16,1300,1100,870,0.45,0.442002,0.436271,0.430926,0.497368,0.469865,0.458938,1.125261,0.03843,0.005731,0.005731,1.125261,0.03843,0.011076,0.027503,20.33,1658,-0.24
G.M. Han et al.,C,SRR99,1040,1313.15,165,145,11.067,33.993,4,4,16,1300,1100,870,0.45,0.471042,0.468264,0.386814,0.492075,0.487047,0.40686,1.044652,0.085215,0.002778,0.002778,1.044652,0.085215,0.084228,0.005028,20.33,1658,-0.24
G.M. Han et al.,D,SRR99,1040,1313.15,165,129,20.21,30.631,4,4,16,1300,1100,870,0.45,0.47238,0.429453,0.425892,0.466994,0.430218,0.397492,0.988599,0.069502,0.042927,0.042927,0.988599,0.069502,0.046488,0.036776,20.33,1658,-0.24
G.M. Han et al.,E,SRR99,1040,1313.15,165,126,13.91,32.665,4,4,16,1300,1100,870,0.45,0.476651,0.459201,0.412166,0.493008,0.468679,0.412551,1.034317,0.080457,0.01745,0.01745,1.034317,0.080457,0.064485,0.024329,20.33,1658,-0.24
G.M. Han et al.,F,SRR99,1040,1313.15,165,175,18.323,29.274,4,4,16,1300,1100,870,0.45,0.486308,0.455163,0.40247,0.477173,0.453096,0.389213,0.981217,0.08796,0.031145,0.031145,0.981217,0.08796,0.083838,0.024077,20.33,1658,-0.24
G.M. Han et al.,G,SRR99,1040,1313.15,165,150,22.951,24.096,4,4,16,1300,1100,870,0.45,0.497714,0.460639,0.354894,0.449443,0.439001,0.423064,0.903014,0.026379,0.037075,0.037075,0.903014,0.026379,0.14282,0.010442,20.33,1658,-0.24
G.M. Han et al.,H,SRR99,1040,1313.15,165,213,25.047,25.117,4,4,16,1300,1100,870,0.45,0.487873,0.42751,0.380998,0.431942,0.427678,0.417342,0.885358,0.0146,0.060363,0.060363,0.885358,0.0146,0.106875,0.004264,20.33,1658,-0.24
G.M. Han et al.,I,SRR99,1040,1313.15,165,170,27.743,27.541,4,4,16,1300,1100,870,0.45,0.462929,0.409559,0.377413,0.416534,0.404986,0.385283,0.899779,0.031251,0.05337,0.05337,0.899779,0.031251,0.085516,0.011548,20.33,1658,-0.24
G.M. Han et al.,J,SRR99,1040,1313.15,165,146,30.282,15.272,4,4,16,1300,1100,870,0.45,0.491704,0.467326,0.298451,0.456196,0.417848,0.39546,0.927786,0.060736,0.024378,0.024378,0.927786,0.060736,0.193253,0.038348,20.33,1658,-0.24
G.M. Han et al.,K,SRR99,1040,1313.15,165,185,52.01,32.393,4,4,16,1300,1100,870,0.45,0.309586,0.299659,0.278848,0.351748,0.311142,0.275334,1.136187,0.076414,0.009927,0.009927,1.136187,0.076414,0.030738,0.040606,20.33,1658,-0.24
G.M. Han et al.,L,SRR99,1040,1313.15,165,176,50.682,30.692,4,4,16,1300,1100,870,0.45,0.329826,0.315068,0.278163,0.37233,0.304756,0.25465,1.128867,0.11768,0.014758,0.014758,1.128867,0.11768,0.051663,0.067574,20.33,1658,-0.24
G.M. Han et al.,M,SRR99,1040,1313.15,165,63,47.013,27.869,4,4,16,1300,1100,870,0.45,0.368275,0.331693,0.292956,0.404126,0.308335,0.233744,1.09735,0.170382,0.036582,0.036582,1.09735,0.170382,0.075319,0.095791,20.33,1658,-0.24
G.M. Han et al.,N,SRR99,1040,1313.15,165,66,41.318,3.789,4,4,16,1300,1100,870,0.45,0.436644,0.428521,0.384785,0.474252,0.464226,0.282037,1.08613,0.192215,0.008123,0.008123,1.08613,0.192215,0.051859,0.010026,20.33,1658,-0.24
G.M. Han et al.,O,SRR99,1040,1313.15,165,54,43.847,3.374,4,4,16,1300,1100,870,0.45,0.429865,0.4129,0.399008,0.48657,0.45015,0.257977,1.131915,0.228593,0.016965,0.016965,1.131915,0.228593,0.030857,0.03642,20.33,1658,-0.24
G.M. Han et al.,P,SRR99,1040,1313.15,165,65,39.884,20.181,4,4,16,1300,1100,870,0.45,0.447415,0.361509,0.304608,0.467032,0.307913,0.271615,1.043846,0.195417,0.085906,0.085906,1.043846,0.195417,0.142807,0.159119,20.33,1658,-0.24
G.M. Han et al.,Q,SRR99,1040,1313.15,165,91,46.477,19.174,4,4,16,1300,1100,870,0.45,0.418268,0.401167,0.245427,0.473101,0.267117,0.25136,1.131095,0.221741,0.017101,0.017101,1.131095,0.221741,0.172841,0.205984,20.33,1658,-0.24
G.M. Han et al.,R,SRR99,1040,1313.15,165,143,32.566,17.848,4,4,16,1300,1100,870,0.45,0.487497,0.409142,0.327394,0.470478,0.373892,0.359155,0.965088,0.111323,0.078355,0.078355,0.965088,0.111323,0.160103,0.096586,20.33,1658,-0.24
G.M. Han et al.,T,SRR99,1040,1313.15,165,131,44.149,1.16,4,4,16,1300,1100,870,0.45,0.417987,0.410224,0.405904,0.475674,0.466573,0.248302,1.13801,0.227372,0.007763,0.007763,1.13801,0.227372,0.012083,0.009101,20.33,1658,-0.24
G.M. Han et al.,[001],SRR99,1040,1313.15,165,135,0,45,4,4,16,1300,1100,870,0.45,0.408248,0.408248,0.408248,0.471405,0.471405,0.471405,1.154701,0,0,0,1.154701,0,0,0,20.33,1658,-0.24
G.M. Han et al.,[011],SRR99,1040,1313.15,165,131,45,0,4,4,16,1300,1100,870,0.45,0.408248,0.408248,0.408248,0.471405,0.471405,0.235702,1.154701,0.235703,0,0,1.154701,0.235703,0,0,20.33,1658,-0.24
G.M. Han et al.,[111],SRR99,1040,1313.15,165,185,54.736,35.264,4,4,16,1300,1100,870,0.45,0.272172,0.272172,0.272168,0.314275,0.314275,0.314259,1.154692,1.60E-05,0,0,1.154692,0.000016,0.000004,0,20.33,1658,-0.24
Wang et al.,SC 1,SC,900,1173.15,445,234.5,0,45,8,6,24,1335,1100,870,0.45,0.408248,0.408248,0.408248,0.471405,0.471405,0.471405,1.154701,0,0,0,1.154701,0,0,0,17.90765,1672,-0.554
Wang et al.,SC 2,SC,900,1173.15,445,34.8,45,0,8,6,24,1335,1100,870,0.45,0.408248,0.408248,0.408248,0.471405,0.471405,0.235702,1.154701,0.235703,0,0,1.154701,0.235703,0,0,17.90765,1672,-0.554
Wang et al.,SC 3,SC,900,1173.15,445,127.1,54.736,35.264,8,6,24,1335,1100,870,0.45,0.272172,0.272172,0.272168,0.314275,0.314275,0.314259,1.154692,1.60E-05,0,0,1.154692,0.000016,0.000004,0,17.90765,1672,-0.554
Wang et al.,SC 4,SC,1100,1373.15,100,395.7,0,45,8,6,24,1335,1100,870,0.45,0.408248,0.408248,0.408248,0.471405,0.471405,0.471405,1.154701,0,0,0,1.154701,0,0,0,17.32298,1672,-0.441
Wang et al.,SC 5,SC,1100,1373.15,100,116.3,45,0,8,6,24,1335,1100,870,0.45,0.408248,0.408248,0.408248,0.471405,0.471405,0.235702,1.154701,0.235703,0,0,1.154701,0.235703,0,0,17.32298,1672,-0.441
Wang et al.,SC 6,SC,1100,1373.15,100,522.6,54.736,35.264,8,6,24,1335,1100,870,0.45,0.272172,0.272172,0.272168,0.314275,0.314275,0.314259,1.154692,1.60E-05,0,0,1.154692,0.000016,0.000004,0,17.32298,1672,-0.441
CMSX4_Table1_Lukas,I- CMSX-4,CMSX-4,850,1123.15,500,79.9,45,0,9,6,16,1300,1140,870,0.45,0.408248,0.408248,0.408248,0.471405,0.471405,0.235702,1.154701,0.235703,0,0,1.154701,0.235703,0,0,20.42,1674.4,-0.48
CMSX4_Table1_Lukas,J,CMSX-4,850,1123.15,500,38.5,45,0,9,6,16,1300,1140,870,0.45,0.408248,0.408248,0.408248,0.471405,0.471405,0.235702,1.154701,0.235703,0,0,1.154701,0.235703,0,0,20.42,1674.4,-0.48
CMSX4_Table1_Lukas,R,CMSX-4,980,1253.15,350,27.8,54.7356,35.2644,9,6,16,1300,1140,870,0.45,0.272166,0.272166,0.272165,0.31427,0.31427,0.31427,1.154701,0,0,0,1.154701,0,0.000001,0,19.9,1674.4,-0.616
rae_matan,K,CMSX-4,750,1023.15,750,260,5.2,40.2,9,6,16,1300,1140,870,0.45,0.439856,0.437563,0.416687,0.491878,0.478884,0.454956,1.11827,0.036922,0.002293,0.002293,1.11827,0.036922,0.023169,0.012994,19.9,1674.4,-0.616
Lukas et al,Fig2a_CM186LC_1,CM186LC,850,1123.15,501,65,45,0,,4,20,1321,1080,871,0.4,0.408248,0.408248,0.408248,0.471405,0.471405,0.235702,1.154701,0.235703,0,0,1.154701,0.235703,0,0,21.6,1678,-0.52
Lukas et al,Fig2a_CM186LC_2,CM186LC,850,1123.15,401,568,45,0,,4,20,1321,1080,871,0.4,0.408248,0.408248,0.408248,0.471405,0.471405,0.235702,1.154701,0.235703,0,0,1.154701,0.235703,0,0,21.6,1678,-0.52
Lukas et al,Fig2a_CM186LC_3,CM186LC,850,1123.15,349,1864,45,0,18,6,20,1321,1140,870,0.4,0.408248,0.408248,0.408248,0.471405,0.471405,0.235702,1.154701,0.235703,0,0,1.154701,0.235703,0,0,21.6,1678,-0.52
Lukas et al,Fig2a_CMSX4_1,CMSX-4,850,1123.15,552,51,45,0,18,6,20,1321,1140,870,0.5,0.408248,0.408248,0.408248,0.471405,0.471405,0.235702,1.154701,0.235703,0,0,1.154701,0.235703,0,0,20.42,1674.4,-0.48
Lukas et al,Fig2a_CMSX4_2,CMSX-4,850,1123.15,501,198,45,0,18,6,20,1321,1140,870,0.5,0.408248,0.408248,0.408248,0.471405,0.471405,0.235702,1.154701,0.235703,0,0,1.154701,0.235703,0,0,20.42,1674.4,-0.48
Lukas et al,Fig2a_CMSX4_3,CMSX-4,850,1123.15,451,667,45,0,18,6,20,1321,1140,870,0.5,0.408248,0.408248,0.408248,0.471405,0.471405,0.235702,1.154701,0.235703,0,0,1.154701,0.235703,0,0,20.42,1674.4,-0.48
Lukas et al,Fig2a_CMSX4_4,CMSX-4,850,1123.15,400,1636,45,0,18,6,20,1321,1140,870,0.5,0.408248,0.408248,0.408248,0.471405,0.471405,0.235702,1.154701,0.235703,0,0,1.154701,0.235703,0,0,20.42,1674.4,-0.48
Lukas et al,Fig2a_CMSX4_5,CMSX-4,850,1123.15,379,2350,45,0,18,6,20,1321,1140,870,0.5,0.408248,0.408248,0.408248,0.471405,0.471405,0.235702,1.154701,0.235703,0,0,1.154701,0.235703,0,0,20.42,1674.4,-0.48
Lukas et al,Fig2b_CM186LC_1,CM186LC,850,1123.15,599,28,54.7356,35.2644,,4,20,1321,1080,871,0.4,0.272166,0.272166,0.272165,0.31427,0.31427,0.31427,1.154701,0,0,0,1.154701,0,0.000001,0,21.6,1678,-0.52
Lukas et al,Fig2b_CM186LC_2,CM186LC,850,1123.15,651,32,54.7356,35.2644,,4,20,1321,1080,871,0.4,0.272166,0.272166,0.272165,0.31427,0.31427,0.31427,1.154701,0,0,0,1.154701,0,0.000001,0,21.6,1678,-0.52
Lukas et al,Fig2b_CM186LC_3,CM186LC,850,1123.15,553,203,54.7356,35.2644,,4,20,1321,1080,871,0.4,0.272166,0.272166,0.272165,0.31427,0.31427,0.31427,1.154701,0,0,0,1.154701,0,0.000001,0,21.6,1678,-0.52
Lukas et al,Fig2b_CM186LC_4,CM186LC,850,1123.15,503,492,54.7356,35.2644,,4,20,1321,1080,871,0.4,0.272166,0.272166,0.272165,0.31427,0.31427,0.31427,1.154701,0,0,0,1.154701,0,0.000001,0,21.6,1678,-0.52
Lukas et al,Fig2b_CM186LC_5,CM186LC,850,1123.15,455,1140,54.7356,35.2644,,4,20,1321,1080,871,0.4,0.272166,0.272166,0.272165,0.31427,0.31427,0.31427,1.154701,0,0,0,1.154701,0,0.000001,0,21.6,1678,-0.52
Lukas et al,Fig2b_CM186LC_6,CM186LC,850,1123.15,405,3097,54.7356,35.2644,,4,20,1321,1080,871,0.4,0.272166,0.272166,0.272165,0.31427,0.31427,0.31427,1.154701,0,0,0,1.154701,0,0.000001,0,21.6,1678,-0.52
Lukas et al,Fig2b_CMSX4_1,CMSX-4,850,1123.15,602,54,54.7356,35.2644,18,6,20,1321,1140,870,0.5,0.272166,0.272166,0.272165,0.31427,0.31427,0.31427,1.154701,0,0,0,1.154701,0,0.000001,0,20.42,1674.4,-0.48
Lukas et al,Fig2b_CMSX4_2,CMSX-4,850,1123.15,601,73,54.7356,35.2644,18,6,20,1321,1140,870,0.5,0.272166,0.272166,0.272165,0.31427,0.31427,0.31427,1.154701,0,0,0,1.154701,0,0.000001,0,20.42,1674.4,-0.48
Lukas et al,Fig2b_CMSX4_3,CMSX-4,850,1123.15,601,82,54.7356,35.2644,18,6,20,1321,1140,870,0.5,0.272166,0.272166,0.272165,0.31427,0.31427,0.31427,1.154701,0,0,0,1.154701,0,0.000001,0,20.42,1674.4,-0.48
Lukas et al,Fig2b_CMSX4_4,CMSX-4,850,1123.15,503,602,54.7356,35.2644,18,6,20,1321,1140,870,0.5,0.272166,0.272166,0.272165,0.31427,0.31427,0.31427,1.154701,0,0,0,1.154701,0,0.000001,0,20.42,1674.4,-0.48
Lukas et al,Fig2b_CMSX4_5,CMSX-4,850,1123.15,479,754,54.7356,35.2644,18,6,20,1321,1140,870,0.5,0.272166,0.272166,0.272165,0.31427,0.31427,0.31427,1.154701,0,0,0,1.154701,0,0.000001,0,20.42,1674.4,-0.48
Lukas et al,Fig2b_CMSX4_6,CMSX-4,850,1123.15,454,3008,54.7356,35.2644,18,6,20,1321,1140,870,0.5,0.272166,0.272166,0.272165,0.31427,0.31427,0.31427,1.154701,0,0,0,1.154701,0,0.000001,0,20.42,1674.4,-0.48
Lukas et al,Fig2b_CMSX4_7,CMSX-4,850,1123.15,455,4137,54.7356,35.2644,18,6,20,1321,1140,870,0.5,0.272166,0.272166,0.272165,0.31427,0.31427,0.31427,1.154701,0,0,0,1.154701,0,0.000001,0,20.42,1674.4,-0.48
leng et al- SX,A,SX,800,1073.15,760,175,1.5,44.2,14,4,24,1325,1150,870,0.45,0.416986,0.416731,0.413697,0.479301,0.4729,0.469234,1.14944,0.010067,0.000255,0.000255,1.14944,0.010067,0.003289,0.006401,20.4,1690.8,-0.71
leng et al,B,SX,800,1073.15,760,125,7.8,40.4,14,4,24,1325,1150,870,0.45,0.443771,0.436393,0.434812,0.49873,0.466977,0.458304,1.123845,0.040426,0.007378,0.007378,1.123845,0.040426,0.008959,0.031753,20.4,1690.8,-0.71
leng et al,C,SX,800,1073.15,760,85,14.7,46.5,14,4,24,1325,1150,870,0.45,0.482763,0.481476,0.358784,0.484381,0.483034,0.370195,1.003353,0.114186,0.001287,0.001287,1.003353,0.114186,0.123979,0.001347,20.4,1690.8,-0.71
leng et al,D,SX,1100,1373.15,137,200,1.5,44.2,14,4,24,1325,1150,870,0.45,0.416986,0.416731,0.413697,0.479301,0.4729,0.469234,1.14944,0.010067,0.000255,0.000255,1.14944,0.010067,0.003289,0.006401,17.34,1690.8,-0.59
leng et al,E,SX,1100,1373.15,137,225,7.8,40.4,14,4,24,1325,1150,870,0.45,0.443771,0.436393,0.434812,0.49873,0.466977,0.458304,1.123845,0.040426,0.007378,0.007378,1.123845,0.040426,0.008959,0.031753,17.34,1690.8,-0.59
leng et al,F,SX,1100,1373.15,137,190,14.7,46.5,14,4,24,1325,1150,870,0.45,0.482763,0.481476,0.358784,0.484381,0.483034,0.370195,1.003353,0.114186,0.001287,0.001287,1.003353,0.114186,0.123979,0.001347,17.34,1690.8,-0.59
