paper_id,spec_no,T_C,stress_MPa,t_rupture_h,theta_from_001_deg,theta_from_011_deg,Gamma_prime_size,L,G,SFE,Misfit,Schmid1_110,MultislipPropensity_110,y_log10,T_K,Inv_T_K,Log_Stress,cos_001,cos_011,RSS_110,Log_RSS_110,
1988,CMSX2 1,1050,120,705,1.43,43.752,0.3,0.36476,56.167,42.244,-0.225,0.416961,0.999484364,2.848189117,1323.15,0.75577221,2.079181246,0.99968856,0.722339823,50.03532,1.699276682,
1988,CMSX2 2,1050,120,468,3.858,41.698,0.3,0.36476,56.167,42.244,-0.225,0.430445,0.996273624,2.670245853,1323.15,0.75577221,2.079181246,0.997733869,0.746661403,51.6534,1.713098914,
1988,CMSX2 3,1050,120,327,16.09,29.424,0.3,0.36476,56.167,42.244,-0.225,0.488234,0.973621255,2.514547753,1323.15,0.75577221,2.079181246,0.96082754,0.871008105,58.58808,1.767809266,
1988,CMSX2 4,1050,120,536,38.83,6.17,0.3,0.36476,56.167,42.244,-0.225,0.447156,1,2.72916479,1323.15,0.75577221,2.079181246,0.779009769,0.994207376,53.65872,1.729640309,
1988,CMSX2 5,1050,120,191,41.982,20.176,0.3,0.36476,56.167,42.244,-0.225,0.437188,0.851054924,2.281033367,1323.15,0.75577221,2.079181246,0.743355002,0.938637579,52.46256,1.719849479,
1988,CMSX2 6,1050,120,286,47.064,20.343,0.3,0.36476,56.167,42.244,-0.225,0.410947,0.964630475,2.456366033,1323.15,0.75577221,2.079181246,0.681181005,0.937628298,49.31364,1.69296706,
1988,CMSX2 7,1050,120,474,51.269,29.881,0.3,0.36476,56.167,42.244,-0.225,0.334074,0.977642678,2.675778342,1323.15,0.75577221,2.079181246,0.625664818,0.867062006,40.08888,1.603023923,
1988,CMSX2 8,1050,120,682,52.168,32.413,0.3,0.36476,56.167,42.244,-0.225,0.308791,0.971443468,2.833784375,1323.15,0.75577221,2.079181246,0.613348264,0.844206329,37.05492,1.56884588,
1988,CMSX2 9,1050,120,1055,1.635,43.605,0.45,0.36476,56.167,42.244,-0.225,0.417954,0.999298966,3.02325246,1323.15,0.75577221,2.079181246,0.999592872,0.724111678,50.15448,1.700309732,
1988,CMSX2 10,1050,120,347,11.943,33.163,0.45,0.36476,56.167,42.244,-0.225,0.474645,0.991416743,2.540329475,1323.15,0.75577221,2.079181246,0.978353955,0.83711774,56.9574,1.755550156,
1988,CMSX2 11,1050,120,505,14.94,31.252,0.45,0.36476,56.167,42.244,-0.225,0.482413,0.964387361,2.703291378,1323.15,0.75577221,2.079181246,0.966196331,0.854893762,57.88956,1.762600249,
1988,CMSX2 12,1050,120,152,35.359,13.165,0.45,0.36476,56.167,42.244,-0.225,0.482572,0.866975291,2.181843588,1323.15,0.75577221,2.079181246,0.815542112,0.973718213,57.90864,1.762743366,
1988,CMSX2 13,1050,120,205,37.077,19.08,0.45,0.36476,56.167,42.244,-0.225,0.464937,0.757487574,2.311753861,1323.15,0.75577221,2.079181246,0.797826008,0.945063075,55.79244,1.746575355,
1988,CMSX2 14,1050,120,258,47.965,22.904,0.45,0.36476,56.167,42.244,-0.225,0.394915,0.965541952,2.411619706,1323.15,0.75577221,2.079181246,0.669584443,0.921158237,47.3898,1.675684876,
1988,CMSX2 15,1050,120,382,45.578,26.865,0.45,0.36476,56.167,42.244,-0.225,0.382192,0.878809604,2.582063363,1323.15,0.75577221,2.079181246,0.699937627,0.89207374,45.86304,1.661462838,
1988,CMSX2 16,1050,120,522,52.185,29.974,0.45,0.36476,56.167,42.244,-0.225,0.329552,0.998953124,2.717670503,1323.15,0.75577221,2.079181246,0.613113895,0.866252207,39.54624,1.597105198,
1988,CMSX2 17,1050,120,290,44.126,6.762,0.45,0.36476,56.167,42.244,-0.225,0.438501,0.962513198,2.462397998,1323.15,0.75577221,2.079181246,0.717810429,0.993043818,52.62012,1.721151834,
1988,CMSX2 18,1050,120,381,44.195,1.771,0.45,0.36476,56.167,42.244,-0.225,0.421213,0.972583942,2.580924976,1323.15,0.75577221,2.079181246,0.716971444,0.999522331,50.54556,1.703683013,
1988,Alloy454 1,980,200,239,2.508,42.765,0.5,0.3648,57.456,30.992,-0.07,0.423609,0.998531665,2.378397901,1253.15,0.797989068,2.301029996,0.999042121,0.734144775,84.7218,1.927995174,
1988,Alloy454 2,980,200,210,17.008,32.215,0.5,0.3648,57.456,30.992,-0.07,0.472104,0.930667819,2.322219295,1253.15,0.797989068,2.301029996,0.956263924,0.84605363,94.4208,1.975067676,
1988,Alloy454 3,980,200,248,22.836,23.232,0.5,0.3648,57.456,30.992,-0.07,0.49939,0.945457458,2.394451681,1253.15,0.797989068,2.301029996,0.921619486,0.918915177,99.878,1.999469837,
1988,Alloy454 4,980,200,193,21.954,23.079,0.5,0.3648,57.456,30.992,-0.07,0.494884,0.990482618,2.285557309,1253.15,0.797989068,2.301029996,0.927484309,0.919965235,98.9768,1.995533409,
1988,Alloy454 5,980,200,340,36.872,12.898,0.5,0.3648,57.456,30.992,-0.07,0.477458,0.842595579,2.531478917,1253.15,0.797989068,2.301029996,0.799977984,0.974768986,95.4916,1.97996517,
1988,Alloy454 6,980,200,256,28.083,24.772,0.5,0.3648,57.456,30.992,-0.07,0.478181,0.83172899,2.408239965,1253.15,0.797989068,2.301029996,0.882266579,0.907982353,95.6362,1.980622312,
1988,Alloy454 7,980,200,232,36.939,28.542,0.5,0.3648,57.456,30.992,-0.07,0.41152,0.939422142,2.365487985,1253.15,0.797989068,2.301029996,0.79927578,0.878467101,82.304,1.915420943,
1988,Alloy454 8,980,200,269,43.528,25.911,0.5,0.3648,57.456,30.992,-0.07,0.398483,0.844312053,2.42975228,1253.15,0.797989068,2.301029996,0.725037891,0.899473902,79.6966,1.901439794,
1988,Alloy454 9,980,200,195,46.402,15.364,0.5,0.3648,57.456,30.992,-0.07,0.428149,0.983741641,2.290034611,1253.15,0.797989068,2.301029996,0.689594265,0.964262068,85.6298,1.93262493,
1988,MXON 1,850,500,296,1.204,43.803,0.2,0.36314,62.087,28.574,-0.513,0.416613,0.999906388,2.471291711,1123.15,0.890353025,2.698970004,0.999779219,0.721723987,208.3065,2.318702822,
1988,MXON 2,850,500,293,0.571,44.601,0.2,0.36314,62.087,28.574,-0.513,0.411108,0.999902702,2.46686762,1123.15,0.890353025,2.698970004,0.999950342,0.712013791,205.554,2.312925932,
1988,MXON 3,850,500,327,3.075,42.08,0.2,0.36314,62.087,28.574,-0.513,0.42813,0.99840469,2.514547753,1123.15,0.890353025,2.698970004,0.998560172,0.742209819,214.065,2.330545665,
1988,MXON 5,850,500,1396,51.082,31.713,0.2,0.36314,62.087,28.574,-0.513,0.319361,0.953704429,3.144885418,1123.15,0.890353025,2.698970004,0.628207519,0.850691862,159.6805,2.203251884,
1988,MXON 6,850,500,900,52.529,33.441,0.2,0.36314,62.087,28.574,-0.513,0.29787,0.968395609,2.954242509,1123.15,0.890353025,2.698970004,0.608359799,0.834453734,148.935,2.17299677,
1988,MXON 7,850,500,390,1.58,44.473,0.36,0.36314,62.087,28.574,-0.513,0.418559,0.999519781,2.591064607,1123.15,0.890353025,2.698970004,0.999619801,0.713580666,209.2795,2.320726689,
1988,MXON 8,850,500,382,1.217,43.811,0.36,0.36314,62.087,28.574,-0.513,0.416568,0.999817557,2.582063363,1123.15,0.890353025,2.698970004,0.999774426,0.721627333,208.284,2.31865591,
1988,MXON 9,850,500,459,2.37,43.155,0.36,0.36314,62.087,28.574,-0.513,0.420893,0.998389139,2.661812686,1123.15,0.890353025,2.698970004,0.999144619,0.729506045,210.4465,2.323141707,
1988,MXON 10,850,500,369,4.449,41.611,0.36,0.36314,62.087,28.574,-0.513,0.430599,0.994424047,2.567026366,1123.15,0.890353025,2.698970004,0.996986777,0.747670612,215.2995,2.333043021,
1988,MXON 11,850,500,411,5.151,39.991,0.36,0.36314,62.087,28.574,-0.513,0.441099,0.996762632,2.613841822,1123.15,0.890353025,2.698970004,0.995961544,0.766145403,220.5495,2.343506078,
1988,MXON 12,850,500,65,37.288,19.599,0.36,0.36314,62.087,28.574,-0.513,0.462058,0.759512875,1.812913357,1123.15,0.890353025,2.698970004,0.795600381,0.942063307,231.029,2.363666498,
1988,MXON 13,850,500,26,47.001,17.634,0.36,0.36314,62.087,28.574,-0.513,0.420111,0.983537684,1.414973348,1123.15,0.890353025,2.698970004,0.681985595,0.95301107,210.0555,2.322334057,
1988,MXON 14,850,500,144,49.203,24.168,0.36,0.36314,62.087,28.574,-0.513,0.382196,0.984466085,2.158362492,1123.15,0.890353025,2.698970004,0.653380967,0.912348918,191.098,2.281256142,
1988,MXON 15,850,500,119,51.563,31.566,0.36,0.36314,62.087,28.574,-0.513,0.318725,0.966497765,2.075546961,1123.15,0.890353025,2.698970004,0.621653738,0.852037724,159.3625,2.202386134,
1988,MXON 16,850,500,166,53.295,33.698,0.36,0.36314,62.087,28.574,-0.513,0.292585,0.983683374,2.220108088,1123.15,0.890353025,2.698970004,0.597695113,0.831973489,146.2925,2.165222062,
1988,Alloy454 10,760,758,218,1.553,43.687,0.5,0.36321,63.407,19.237,-0.208,0.417393,0.999355523,2.338456494,1033.15,0.967913662,2.879669206,0.999632683,0.723123884,316.383894,2.500214367,
1988,Alloy454 11,760,758,363,3.585,41.56,0.5,0.36321,63.407,19.237,-0.208,0.431464,0.998057775,2.559906625,1033.15,0.967913662,2.879669206,0.998043133,0.748261416,327.049712,2.514613771,
1988,Alloy454 12,760,758,398,11.08,36.865,0.5,0.36321,63.407,19.237,-0.208,0.454772,0.96765632,2.599883072,1033.15,0.967913662,2.879669206,0.981359807,0.800051285,344.717176,2.537462923,
1988,Alloy454 13,760,758,350,18.057,33.885,0.5,0.36321,63.407,19.237,-0.208,0.456412,0.989726388,2.544068044,1033.15,0.967913662,2.879669206,0.950748624,0.830158274,345.960296,2.53902626,
1988,Alloy454 15,760,758,377,15.665,30.033,0.5,0.36321,63.407,19.237,-0.208,0.486605,0.97045653,2.57634135,1033.15,0.967913662,2.879669206,0.962856867,0.865737281,368.84659,2.566845773,
1988,Alloy454 16,760,758,323,26.887,18.324,0.5,0.36321,63.407,19.237,-0.208,0.495281,0.971519198,2.509202522,1033.15,0.967913662,2.879669206,0.891900161,0.94929387,375.422998,2.574520874,
1988,Alloy454 17,760,758,25,36.925,10.608,0.5,0.36321,63.407,19.237,-0.208,0.475235,0.888425726,1.397940009,1033.15,0.967913662,2.879669206,0.7994226,0.982909655,360.22813,2.556577624,
1988,Alloy454 18,760,758,19,37.444,19.919,0.5,0.36321,63.407,19.237,-0.208,0.460089,0.761187509,1.278753601,1033.15,0.967913662,2.879669206,0.793947955,0.940175201,348.747462,2.542511056,
1988,Alloy454 20,760,758,71,30.789,28.894,0.5,0.36321,63.407,19.237,-0.208,0.439173,0.948284617,1.851258349,1033.15,0.967913662,2.879669206,0.859058186,0.875515131,332.893134,2.522304838,
1988,Alloy454 21,760,758,36,39.423,29.142,0.5,0.36321,63.407,19.237,-0.208,0.394468,0.951980896,1.556302501,1033.15,0.967913662,2.879669206,0.772478714,0.873415486,299.006744,2.475680984,
1988,Alloy454 22,760,758,30,46.568,21.545,0.5,0.36321,63.407,19.237,-0.208,0.408375,0.943378023,1.477121255,1033.15,0.967913662,2.879669206,0.687493199,0.930129432,309.54825,2.490728353,
1988,CMSX2 19,760,750,412,0,45,0.23,0.36244,64.959,31.316,-0.375,0.408248,1,2.614897216,1033.15,0.967913662,2.875061263,1,0.707106781,306.186,2.485985329,
1988,CMSX2 20,760,750,230,3.424,41.868,0.23,0.36244,64.959,31.316,-0.375,0.429478,0.997550515,2.361727836,1033.15,0.967913662,2.875061263,0.998214898,0.744684418,322.1085,2.508002185,
1988,CMSX2 21,760,750,1203,50.821,32.612,0.23,0.36244,64.959,31.316,-0.375,0.312267,0.948089295,3.080265627,1033.15,0.967913662,2.875061263,0.631745228,0.842339539,234.20025,2.369587354,
1988,CMSX2 22,760,750,1012,52.396,31.741,0.23,0.36244,64.959,31.316,-0.375,0.3139,0.984415419,3.005180513,1033.15,0.967913662,2.875061263,0.610200475,0.850434872,235.425,2.371852579,
1988,CMSX2 23,760,750,459,52.869,32.116,0.3,0.36244,64.959,31.316,-0.375,0.308759,0.991650446,2.661812686,1033.15,0.967913662,2.875061263,0.603639434,0.846973494,231.56925,2.364680889,
1988,CMSX2 24,760,750,518,48.632,30.288,0.3,0.36244,64.959,31.316,-0.375,0.341913,0.913282034,2.71432976,1033.15,0.967913662,2.875061263,0.660892821,0.8635012,256.43475,2.408976877,
1988,CMSX2 25,760,750,347,48.487,28.195,0.3,0.36244,64.959,31.316,-0.375,0.359182,0.930057742,2.540329475,1033.15,0.967913662,2.875061263,0.662789964,0.881344687,269.3865,2.430375828,
1988,CMSX2 26,760,750,15,41.427,19.92,0.3,0.36244,64.959,31.316,-0.375,0.440966,0.840912905,1.176091259,1033.15,0.967913662,2.875061263,0.74979935,0.940169255,330.7245,2.519466369,
1988,CMSX2 27,760,750,50,48.361,20.755,0.3,0.36244,64.959,31.316,-0.375,0.402644,0.993686731,1.698970004,1033.15,0.967913662,2.875061263,0.664435069,0.935104288,301.983,2.479982495,
1988,CMSX2 28,760,750,4,40.357,11.106,0.3,0.36244,64.959,31.316,-0.375,0.462962,0.853229855,0.602059991,1033.15,0.967913662,2.875061263,0.762024502,0.981272498,347.2215,2.540606609,
1988,CMSX2 29,760,750,19,29.956,22.14,0.3,0.36244,64.959,31.316,-0.375,0.483392,0.828151893,1.278753601,1033.15,0.967913662,2.875061263,0.866409121,0.926265751,362.544,2.559360722,
1988,CMSX2 30,760,750,343,11.118,35.836,0.3,0.36244,64.959,31.316,-0.375,0.461945,0.970977064,2.53529412,1033.15,0.967913662,2.875061263,0.981232133,0.810696119,346.45875,2.539651534,
1988,CMSX2 31,760,750,430,9.904,35.24,0.3,0.36244,64.959,31.316,-0.375,0.466069,0.992123484,2.633468456,1033.15,0.967913662,2.875061263,0.985097321,0.816742274,349.55175,2.543511481,
1988,CMSX2 32,760,750,569,2.872,42.532,0.3,0.36244,64.959,31.316,-0.375,0.425103,0.997911094,2.755112266,1033.15,0.967913662,2.875061263,0.998743962,0.736899901,318.82725,2.503555433,
1988,CMSX2 33,760,750,780,13.149,31.852,0.3,0.36244,64.959,31.316,-0.375,0.477775,0.999053948,2.892094603,1033.15,0.967913662,2.875061263,0.973781776,0.849414093,358.33125,2.554284685,
1988,CMSX2 34,760,750,3.5,38.379,6.622,0.3,0.36244,64.959,31.316,-0.375,0.450053,0.997882472,0.544068044,1033.15,0.967913662,2.875061263,0.783921067,0.99332856,337.53975,2.528324924,
1988,CMSX2 35,760,750,3,44.087,4.11,0.3,0.36244,64.959,31.316,-0.375,0.431255,0.966996325,0.477121255,1033.15,0.967913662,2.875061263,0.718284177,0.997428289,323.44125,2.509795407,
1988,CMSX2 36,760,750,1138,1.988,43.177,0.45,0.36244,64.959,31.316,-0.375,0.420877,0.999156523,3.056142262,1033.15,0.967913662,2.875061263,0.999398114,0.729243364,315.65775,2.499216457,
1988,CMSX2 37,760,750,759,5.813,40.111,0.45,0.36244,64.959,31.316,-0.375,0.440021,0.99158222,2.880241776,1033.15,0.967913662,2.875061263,0.994857754,0.764797724,330.01575,2.518534667,
1988,CMSX2 38,760,750,664,14.188,30.837,0.45,0.36244,64.959,31.316,-0.375,0.481789,0.994835914,2.822168079,1033.15,0.967913662,2.875061263,0.969496706,0.858629055,361.34175,2.557918144,
1988,CMSX2 39,760,750,550,13.324,34.054,0.45,0.36244,64.959,31.316,-0.375,0.469364,0.959613434,2.740362689,1033.15,0.967913662,2.875061263,0.973082424,0.828510178,352.023,2.54657104,
1988,CMSX2 40,760,750,484,22.873,29.201,0.45,0.36244,64.959,31.316,-0.375,0.472135,0.895102036,2.684845362,1033.15,0.967913662,2.875061263,0.921368674,0.872913562,354.10125,2.54912746,
1988,CMSX2 41,760,750,30,34.882,13.344,0.45,0.36244,64.959,31.316,-0.375,0.48403,0.873354957,1.477121255,1033.15,0.967913662,2.875061263,0.82033158,0.97300192,363.0225,2.559933543,
1988,CMSX2 42,760,750,8,36.585,19.141,0.45,0.36244,64.959,31.316,-0.375,0.466967,0.751496358,0.903089987,1033.15,0.967913662,2.875061263,0.802973539,0.944714518,350.22525,2.544347454,
1988,CMSX2 43,760,750,8,38.673,25.935,0.45,0.36244,64.959,31.316,-0.375,0.421864,0.832088066,0.903089987,1033.15,0.967913662,2.875061263,0.780724959,0.899290784,316.398,2.50023373,
1988,CMSX2 44,760,750,23,46.866,27.164,0.45,0.36244,64.959,31.316,-0.375,0.374081,0.903691981,1.361727836,1033.15,0.967913662,2.875061263,0.68370694,0.889703401,280.56075,2.448026914,
1988,CMSX2 45,760,750,33,48.67,28.517,0.45,0.36244,64.959,31.316,-0.375,0.355935,0.931116636,1.51851394,1033.15,0.967913662,2.875061263,0.660394938,0.878675498,266.95125,2.426431959,
1988,CMSX2 46,760,750,32,50.374,28.274,0.45,0.36244,64.959,31.316,-0.375,0.350272,0.972941029,1.505149978,1033.15,0.967913662,2.875061263,0.637773572,0.880692397,262.704,2.419466686,
1988,CMSX2 47,760,750,28,51.3,30.244,0.45,0.36244,64.959,31.316,-0.375,0.331,0.974513595,1.447158031,1033.15,0.967913662,2.875061263,0.625242656,0.863888256,248.25,2.394889257,
1988,CMSX2 48,760,750,36,53.108,32.54,0.45,0.36244,64.959,31.316,-0.375,0.304046,0.992609671,1.556302501,1033.15,0.967913662,2.875061263,0.600308562,0.843016134,228.0345,2.358000558,
1988,CMSX2 49,760,750,21,45.039,17.963,0.45,0.36244,64.959,31.316,-0.375,0.429625,0.932785569,1.322219295,1033.15,0.967913662,2.875061263,0.706625305,0.951255872,322.21875,2.508150809,
1988,CMSX2 50,760,750,15,42.781,8.525,0.45,0.36244,64.959,31.316,-0.375,0.449037,0.920672461,1.176091259,1033.15,0.967913662,2.875061263,0.733955135,0.988951275,336.77775,2.527343391,
1988,CMSX2 51,760,750,9,43.78,6.004,0.45,0.36244,64.959,31.316,-0.375,0.438653,0.954387637,0.954242509,1033.15,0.967913662,2.875061263,0.722001788,0.994514595,328.98975,2.517182367,
1988,CMSX2 52,760,750,44,44.093,2.147,0.45,0.36244,64.959,31.316,-0.375,0.423462,0.969140088,1.643452676,1033.15,0.967913662,2.875061263,0.718211314,0.999297999,317.5965,2.501875708,
mackay,MARM 247 01,774,724,179,3,42,0.23,0.36237,65.455,28.681,-0.392,0.428467,1,2.252853031,1047.15,0.954973022,2.859738566,0.998629535,0.743144825,310.210108,2.491655945,
mackay,B ,774,724,26,7,38.5,0.23,0.36237,65.455,28.681,-0.392,0.449715,0.9911922,1.414973348,1047.15,0.954973022,2.859738566,0.992546152,0.782608157,325.59366,2.51267594,
mackay,C,774,724,21,10,36,0.23,0.36237,65.455,28.681,-0.392,0.462535,0.980572281,1.322219295,1047.15,0.954973022,2.859738566,0.984807753,0.809016994,334.87534,2.524883168,
mackay,D,774,724,37,8,37.5,0.23,0.36237,65.455,28.681,-0.392,0.455178,0.989371191,1.568201724,1047.15,0.954973022,2.859738566,0.990268069,0.79335334,329.548872,2.517919829,
mackay,E,774,724,20,28,17,0.3,0.36237,65.455,28.681,-0.392,0.487496,1,1.301029996,1047.15,0.954973022,2.859738566,0.882947593,0.956304756,352.947104,2.547709623,
mackay,F,774,724,138,45,28,0.3,0.36237,65.455,28.681,-0.392,0.376596,0.857510436,2.139879086,1047.15,0.954973022,2.859738566,0.707106781,0.882947593,272.655504,2.435614269,
mackay,H,774,724,1,39,7,0.3,0.36237,65.455,28.681,-0.392,0.45906,0.933989021,0,1047.15,0.954973022,2.859738566,0.777145961,0.992546152,332.35944,2.521608019,
mackay,I,774,724,0.5,43,6.5,0.3,0.36237,65.455,28.681,-0.392,0.444032,0.931200904,-0.301029996,1047.15,0.954973022,2.859738566,0.731353702,0.993571856,321.479168,2.507152836,
mackay,J,774,724,14,8,39.5,0.3,0.36237,65.455,28.681,-0.392,0.441365,0.994294971,1.146128036,1047.15,0.954973022,2.859738566,0.990268069,0.771624583,319.54826,2.504536457,
mackay,K,774,724,26,9.5,36,0.3,0.36237,65.455,28.681,-0.392,0.462839,0.986565523,1.414973348,1047.15,0.954973022,2.859738566,0.986285602,0.809016994,335.095436,2.525168513,
mackay,L,774,724,41,5.5,40.5,0.3,0.36237,65.455,28.681,-0.392,0.437585,0.992118103,1.612783857,1047.15,0.954973022,2.859738566,0.995396198,0.760405966,316.81154,2.500800993,
mackay,M,774,724,53,10.5,35,0.3,0.36237,65.455,28.681,-0.392,0.467578,0.984659244,1.72427587,1047.15,0.954973022,2.859738566,0.983254908,0.819152044,338.526472,2.529592635,
mackay,N,774,724,53,5.5,41,0.3,0.36237,65.455,28.681,-0.392,0.433947,0.991427525,1.72427587,1047.15,0.954973022,2.859738566,0.995396198,0.75470958,314.177628,2.497175257,
mackay,O,774,724,59,2,43.5,0.3,0.36237,65.455,28.681,-0.392,0.418574,0.998824581,1.770852012,1047.15,0.954973022,2.859738566,0.999390827,0.725374371,303.047576,2.481510815,
mackay,P,774,724,74,4,42,0.3,0.36237,65.455,28.681,-0.392,0.428166,0.995429343,1.86923172,1047.15,0.954973022,2.859738566,0.99756405,0.743144825,309.992184,2.491350744,
mackay,Q,774,724,80,5.5,41,0.3,0.36237,65.455,28.681,-0.392,0.433947,0.991427525,1.903089987,1047.15,0.954973022,2.859738566,0.995396198,0.75470958,314.177628,2.497175257,
mackay,R,774,724,82,7.5,39,0.45,0.36237,65.455,28.681,-0.392,0.445864,0.985441749,1.913813852,1047.15,0.954973022,2.859738566,0.991444861,0.777145961,322.805536,2.508940974,
mackay,S,774,724,90,4,41.5,0.45,0.36237,65.455,28.681,-0.392,0.431743,0.996189863,1.954242509,1047.15,0.954973022,2.859738566,0.99756405,0.748955721,312.581932,2.494963871,
mackay,T,774,724,98,5,40,0.45,0.36237,65.455,28.681,-0.392,0.440593,1,1.991226076,1047.15,0.954973022,2.859738566,0.996194698,0.766044443,318.989332,2.503776159,
mackay,U,774,724,109,1.5,43.5,0.45,0.36237,65.455,28.681,-0.392,0.418652,1,2.037426498,1047.15,0.954973022,2.859738566,0.999657325,0.725374371,303.104048,2.481591736,
mackay,V,774,724,141,2,43,0.45,0.36237,65.455,28.681,-0.392,0.42199,1,2.149219113,1047.15,0.954973022,2.859738566,0.999390827,0.731353702,305.52076,2.485040726,
1988,CMSX-4 01,760,750,1900,0,45,0.34,0.36289,64.865,23.096,-0.776,0.408248,1,3.278753601,1033.15,0.967913662,2.875061263,1,0.707106781,306.186,2.485985329,
1988,CMSX-4 02,760,750,1050,0,45,0.22,0.36289,64.865,23.096,-0.776,0.408248,1,3.021189299,1033.15,0.967913662,2.875061263,1,0.707106781,306.186,2.485985329,
1988,CMSX-4 04,760,750,1000,54.74,35.26,0.34,0.36289,64.865,23.096,-0.776,0.272239,1,3,1033.15,0.967913662,2.875061263,0.577287712,0.816540812,204.17925,2.310011604,
1988,CMSX-4 05,760,750,1800,54.74,35.26,0.22,0.36289,64.865,23.096,-0.776,0.272239,1,3.255272505,1033.15,0.967913662,2.875061263,0.577287712,0.816540812,204.17925,2.310011604,
Gunturi et al.,CMSX-04 -6,750,750,118,34,27.237,0.45,0.36281,65.132,22.611,-0.788,0.435688,0.895569766,2.071882007,1023.15,0.977373797,2.875061263,0.829037573,0.889121007,326.766,2.514236862,
Gunturi et al.,CMSX-04 -7,750,720,110,47.9,23.22,0.45,0.36281,65.132,22.611,-0.788,0.393607,0.961268473,2.041392685,1023.15,0.977373797,2.857332496,0.670426619,0.918997772,283.39704,2.45239531,
Gunturi et al.,CMSX-04 -8,750,675,40,42.2,15.574,0.45,0.36281,65.132,22.611,-0.788,0.450147,0.880163591,1.602059991,1023.15,0.977373797,2.829303773,0.740804596,0.9632845,303.849225,2.482658133,
Gunturi et al.,CMSX-04 -9,750,750,5,42.2,15.574,0.45,0.36281,65.132,22.611,-0.788,0.450147,0.880163591,0.698970004,1023.15,0.977373797,2.875061263,0.740804596,0.9632845,337.61025,2.528415624,
Gunturi et al.,CMSX-04 -10,750,720,5,41.3,4.443,0.45,0.36281,65.132,22.611,-0.788,0.442881,0.949679485,0.698970004,1023.15,0.977373797,2.857332496,0.751264134,0.996994894,318.87432,2.503619545,
Gunturi et al. ,CMSX-04 -11,750,750,5,37.5,7.505,0.45,0.36281,65.132,22.611,-0.788,0.455212,0.995162693,0.698970004,1023.15,0.977373797,2.875061263,0.79335334,0.991433467,341.409,2.533274966,
G.M. Han et al.,A SRR99,760,790,456,3.85,41.78,0.45,0.36244,65.583,27.69,-0.608,0.429871,0.996143029,2.658964843,1033.15,0.967913662,2.897627091,0.997743253,0.745708618,339.59809,2.530965239,
G.M. Han et al.,B ,760,790,449,5.85,40.53,0.45,0.36244,65.583,27.69,-0.608,0.436978,0.990567031,2.652246341,1033.15,0.967913662,2.897627091,0.994792142,0.760065811,345.21262,2.538086664,
G.M. Han et al.,C ,760,790,435,9.43,35.31,0.45,0.36244,65.583,27.69,-0.608,0.4642,1,2.638489257,1033.15,0.967913662,2.897627091,0.986486509,0.816036722,366.718,2.564332227,
G.M. Han et al.,D,760,790,295,12.53,34.75,0.45,0.36244,65.583,27.69,-0.608,0.466454,0.963571971,2.469822016,1033.15,0.967913662,2.897627091,0.976182546,0.821646938,368.49866,2.566435913,
G.M. Han et al.,E,760,790,329,15.79,31.23,0.45,0.36244,65.583,27.69,-0.608,0.481251,0.952166333,2.517195898,1033.15,0.967913662,2.897627091,0.962265501,0.855092905,380.18829,2.579998736,
G.M. Han et al.,F,760,790,376,18.39,31.38,0.45,0.36244,65.583,27.69,-0.608,0.473454,0.919354362,2.575187845,1033.15,0.967913662,2.897627091,0.948931088,0.853732612,374.02866,2.572904881,
G.M. Han et al.,G,760,790,326,21.36,25.36,0.45,0.36244,65.583,27.69,-0.608,0.496598,0.936246219,2.5132176,1033.15,0.967913662,2.897627091,0.931310321,0.903634526,392.31242,2.593632057,
G.M. Han et al.,H,760,790,93,23.93,26.09,0.45,0.36244,65.583,27.69,-0.608,0.486782,0.883970648,1.968482949,1033.15,0.967913662,2.897627091,0.914041698,0.898104346,384.55778,2.584961602,
G.M. Han et al.,I,760,790,118,25.73,27.82,0.45,0.36244,65.583,27.69,-0.608,0.469741,0.878224383,2.071882007,1033.15,0.967913662,2.897627091,0.900849834,0.884418122,371.09539,2.569485559,
G.M. Han et al.,J,760,790,135,29.22,15.7,0.45,0.36244,65.583,27.69,-0.608,0.484831,1,2.130333768,1033.15,0.967913662,2.897627091,0.872751729,0.962691746,383.01649,2.583217472,
G.M. Han et al.,K,760,790,4.7,43.4,2.41,0.45,0.36244,65.583,27.69,-0.608,0.42741,0.959357526,0.672097858,1033.15,0.967913662,2.897627091,0.726574671,0.999115506,337.6539,2.52847177,
G.M. Han et al.,M,760,790,3,45.87,13.53,0.45,0.36244,65.583,27.69,-0.608,0.433293,0.981061314,0.477121255,1033.15,0.967913662,2.897627091,0.696288711,0.972247555,342.30147,2.534408764,
G.M. Han et al.,N,760,790,11.5,42.3,24.35,0.45,0.36244,65.583,27.69,-0.608,0.414358,0.830989145,1.06069784,1033.15,0.967913662,2.897627091,0.739631095,0.911043816,327.34282,2.515002819,
G.M. Han et al.,P,760,790,20,49.26,29.73,0.45,0.36244,65.583,27.69,-0.608,0.343806,0.932616068,1.301029996,1033.15,0.967913662,2.897627091,0.652627522,0.868371974,271.60674,2.433940543,
G.M. Han et al.,Q,760,790,10,42.08,29.03,0.45,0.36244,65.583,27.69,-0.608,0.382405,0.924585191,1,1033.15,0.967913662,2.897627091,0.742209819,0.874365742,302.09995,2.480150653,
G.M. Han et al.,A SRR99,1040,165,135,5.273,40.308,0.45,0.36462,56.896,40.472,-0.252,0.439109,0.993830689,2.130333768,1313.15,0.761527624,2.217483944,0.995768116,0.762578013,72.452985,1.860056283,
G.M. Han et al.,B,1040,165,148,6.936,39.646,0.45,0.36462,56.896,40.472,-0.252,0.442002,0.987033995,2.170261715,1313.15,0.761527624,2.217483944,0.992681662,0.770001238,72.93033,1.862908179,
G.M. Han et al.,C,1040,165,145,11.067,33.993,0.45,0.36462,56.896,40.472,-0.252,0.471042,0.994102437,2.161368002,1313.15,0.761527624,2.217483944,0.981403386,0.829105885,77.72193,1.890543577,
G.M. Han et al.,D,1040,165,129,20.21,30.631,0.45,0.36462,56.896,40.472,-0.252,0.47238,0.909126127,2.11058971,1313.15,0.761527624,2.217483944,0.938432743,0.860466483,77.9427,1.891775446,
G.M. Han et al.,E,1040,165,126,13.91,32.665,0.45,0.36462,56.896,40.472,-0.252,0.476651,0.963390405,2.100370545,1313.15,0.761527624,2.217483944,0.970674539,0.841840639,78.647415,1.895684453,
G.M. Han et al.,F,1040,165,175,18.323,29.274,0.45,0.36462,56.896,40.472,-0.252,0.486308,0.935956225,2.243038049,1313.15,0.761527624,2.217483944,0.949299356,0.872291257,80.24082,1.904395358,
G.M. Han et al.,G,1040,165,150,22.951,24.096,0.45,0.36462,56.896,40.472,-0.252,0.497714,0.925509429,2.176091259,1313.15,0.761527624,2.217483944,0.920838674,0.912862682,82.12281,1.914463801,
G.M. Han et al.,H,1040,165,213,25.047,25.117,0.45,0.36462,56.896,40.472,-0.252,0.487873,0.876273128,2.328379603,1313.15,0.761527624,2.217483944,0.905960806,0.905442897,80.499045,1.905790728,
G.M. Han et al.,I,1040,165,170,27.743,27.541,0.45,0.36462,56.896,40.472,-0.252,0.462929,0.884712342,2.230448921,1313.15,0.761527624,2.217483944,0.885044516,0.886680186,76.383285,1.882998332,
G.M. Han et al.,J,1040,165,146,30.282,15.272,0.45,0.36462,56.896,40.472,-0.252,0.491704,0.950421392,2.164352856,1313.15,0.761527624,2.217483944,0.86355401,0.964686256,81.13116,1.909187685,
G.M. Han et al.,K,1040,165,185,52.01,32.393,0.45,0.36462,56.896,40.472,-0.252,0.309586,0.967934597,2.267171728,1313.15,0.761527624,2.217483944,0.615523932,0.844393383,51.08169,1.708265257,
G.M. Han et al.,L,1040,165,176,50.682,30.692,0.45,0.36462,56.896,40.472,-0.252,0.329826,0.955255195,2.245512668,1313.15,0.761527624,2.217483944,0.63362395,0.859923548,54.42129,1.735768832,
G.M. Han et al.,M,1040,165,63,47.013,27.869,0.45,0.36462,56.896,40.472,-0.252,0.368275,0.900666621,1.799340549,1313.15,0.761527624,2.217483944,0.681832404,0.884018675,60.765375,1.783656182,
G.M. Han et al.,N,1040,165,66,41.318,3.789,0.45,0.36462,56.896,40.472,-0.252,0.436644,0.981396744,1.819543936,1313.15,0.761527624,2.217483944,0.751056751,0.997814174,72.04626,1.857611441,
G.M. Han et al.,O,1040,165,54,43.847,3.374,0.45,0.36462,56.896,40.472,-0.252,0.429865,0.960534121,1.73239376,1313.15,0.761527624,2.217483944,0.721192217,0.998266638,70.927725,1.85081603,
G.M. Han et al.,P,1040,165,65,39.884,20.181,0.45,0.36462,56.896,40.472,-0.252,0.447415,0.807994815,1.812913357,1313.15,0.761527624,2.217483944,0.767344248,0.938607476,73.823475,1.868194484,
G.M. Han et al.,Q,1040,165,91,46.477,19.174,0.45,0.36462,56.896,40.472,-0.252,0.418268,0.95911473,1.959041392,1313.15,0.761527624,2.217483944,0.688645704,0.944525508,69.01422,1.838938584,
G.M. Han et al.,R,1040,165,143,32.566,17.848,0.45,0.36462,56.896,40.472,-0.252,0.487497,0.839270806,2.155336037,1313.15,0.761527624,2.217483944,0.842771962,0.95187296,80.437005,1.905455892,
G.M. Han et al.,T,1040,165,131,44.149,1.16,0.45,0.36462,56.896,40.472,-0.252,0.417987,0.981427652,2.117271296,1313.15,0.761527624,2.217483944,0.717530883,0.99979506,68.967855,1.838646719,
G.M. Han et al.,[001],1040,165,135,0,45,0.45,0.36462,56.896,40.472,-0.252,0.408248,1,2.130333768,1313.15,0.761527624,2.217483944,1,0.707106781,67.36092,1.82840801,
G.M. Han et al.,[011],1040,165,131,45,0,0.45,0.36462,56.896,40.472,-0.252,0.408248,1,2.117271296,1313.15,0.761527624,2.217483944,0.707106781,1,67.36092,1.82840801,
G.M. Han et al.,[111],1040,165,185,54.736,35.264,0.45,0.36462,56.896,40.472,-0.252,0.272172,1,2.267171728,1313.15,0.761527624,2.217483944,0.577344716,0.816500508,44.90838,1.652327389,
Wang et al.,SC 1,900,445,234.5,0,45,0.45,0.36404,60.373,26.503,-0.748,0.408248,1,2.370142847,1173.15,0.852405916,2.648360011,1,0.707106781,181.67036,2.259284077,
Wang et al.,SC 2,900,445,34.8,45,0,0.45,0.36404,60.373,26.503,-0.748,0.408248,1,1.541579244,1173.15,0.852405916,2.648360011,0.707106781,1,181.67036,2.259284077,
Wang et al.,SC 3,900,445,127.1,54.736,35.264,0.45,0.36404,60.373,26.503,-0.748,0.272172,1,2.104145551,1173.15,0.852405916,2.648360011,0.577344716,0.816500508,121.11654,2.083203456,
Wang et al.,SC 4,1100,100,395.7,0,45,0.45,0.36588,53.272,38.227,-0.493,0.408248,1,2.59736605,1373.15,0.728252558,2,1,0.707106781,40.8248,1.610924066,
Wang et al.,SC 5,1100,100,116.3,45,0,0.45,0.36588,53.272,38.227,-0.493,0.408248,1,2.065579715,1373.15,0.728252558,2,0.707106781,1,40.8248,1.610924066,
Wang et al.,SC 6,1100,100,522.6,54.736,35.264,0.45,0.36588,53.272,38.227,-0.493,0.272172,1,2.718169405,1373.15,0.728252558,2,0.577344716,0.816500508,27.2172,1.434843445,
CMSX4_Table1_Lukas,I- CMSX-4,850,500,79.9,45,0,0.45,0.36355,62.358,27.775,-0.673,0.408248,1,1.902546779,1123.15,0.890353025,2.698970004,0.707106781,1,204.124,2.30989407,
CMSX4_Table1_Lukas,R,980,350,27.8,54.7356,35.2644,0.45,0.36434,59.283,33.255,-0.553,0.272166,1,1.444044796,1253.15,0.797989068,2.544068044,0.577350416,0.816496477,95.2581,1.978901915,
Lukas et al,Fig2a_CM186LC_1,850,501,65,45,0,0.4,0.36329,63.262,29.363,-0.715,0.408248,1,1.812913357,1123.15,0.890353025,2.699837726,0.707106781,1,204.532248,2.310761792,
Lukas et al,Fig2a_CM186LC_2,850,401,568,45,0,0.4,0.36329,63.262,29.363,-0.715,0.408248,1,2.754348336,1123.15,0.890353025,2.603144373,0.707106781,1,163.707448,2.214068438,
Lukas et al,Fig2a_CM186LC_3,850,349,1864,45,0,0.4,0.36329,63.262,29.363,-0.715,0.408248,1,3.270445908,1123.15,0.890353025,2.542825427,0.707106781,1,142.478552,2.153749493,
Lukas et al,Fig2a_CMSX4_1,850,552,51,45,0,0.5,0.36355,62.358,27.775,-0.673,0.408248,1,1.707570176,1123.15,0.890353025,2.741939078,0.707106781,1,225.352896,2.352863144,
Lukas et al,Fig2a_CMSX4_2,850,501,198,45,0,0.5,0.36355,62.358,27.775,-0.673,0.408248,1,2.29666519,1123.15,0.890353025,2.699837726,0.707106781,1,204.532248,2.310761792,
Lukas et al,Fig2a_CMSX4_3,850,451,667,45,0,0.5,0.36355,62.358,27.775,-0.673,0.408248,1,2.824125834,1123.15,0.890353025,2.654176542,0.707106781,1,184.119848,2.265100608,
Lukas et al,Fig2a_CMSX4_4,850,400,1636,45,0,0.5,0.36355,62.358,27.775,-0.673,0.408248,1,3.213783299,1123.15,0.890353025,2.602059991,0.707106781,1,163.2992,2.212984057,
Lukas et al,Fig2a_CMSX4_5,850,379,2350,45,0,0.5,0.36355,62.358,27.775,-0.673,0.408248,1,3.371067862,1123.15,0.890353025,2.57863921,0.707106781,1,154.725992,2.189563276,
Lukas et al,Fig2b_CM186LC_2,850,651,32,54.7356,35.2644,0.4,0.36329,63.262,29.363,-0.715,0.272166,1,1.505149978,1123.15,0.890353025,2.813580989,0.577350416,0.816496477,177.180066,2.248414859,
Lukas et al,Fig2b_CM186LC_3,850,553,203,54.7356,35.2644,0.4,0.36329,63.262,29.363,-0.715,0.272166,1,2.307496038,1123.15,0.890353025,2.742725131,0.577350416,0.816496477,150.507798,2.177559002,
Lukas et al,Fig2b_CM186LC_4,850,503,492,54.7356,35.2644,0.4,0.36329,63.262,29.363,-0.715,0.272166,1,2.691965103,1123.15,0.890353025,2.701567985,0.577350416,0.816496477,136.899498,2.136401856,
Lukas et al,Fig2b_CM186LC_5,850,455,1140,54.7356,35.2644,0.4,0.36329,63.262,29.363,-0.715,0.272166,1,3.056904851,1123.15,0.890353025,2.658011397,0.577350416,0.816496477,123.83553,2.092845267,
Lukas et al,Fig2b_CM186LC_6,850,405,3097,54.7356,35.2644,0.4,0.36329,63.262,29.363,-0.715,0.272166,1,3.490941205,1123.15,0.890353025,2.607455023,0.577350416,0.816496477,110.22723,2.042288894,
Lukas et al,Fig2b_CMSX4_1,850,602,54,54.7356,35.2644,0.5,0.36355,62.358,27.775,-0.673,0.272166,1,1.73239376,1123.15,0.890353025,2.779596491,0.577350416,0.816496477,163.843932,2.214430362,
Lukas et al,Fig2b_CMSX4_2,850,601,73,54.7356,35.2644,0.5,0.36355,62.358,27.775,-0.673,0.272166,1,1.86332286,1123.15,0.890353025,2.778874472,0.577350416,0.816496477,163.571766,2.213708343,
Lukas et al,Fig2b_CMSX4_3,850,601,82,54.7356,35.2644,0.5,0.36355,62.358,27.775,-0.673,0.272166,1,1.913813852,1123.15,0.890353025,2.778874472,0.577350416,0.816496477,163.571766,2.213708343,
Lukas et al,Fig2b_CMSX4_4,850,503,602,54.7356,35.2644,0.5,0.36355,62.358,27.775,-0.673,0.272166,1,2.779596491,1123.15,0.890353025,2.701567985,0.577350416,0.816496477,136.899498,2.136401856,
Lukas et al,Fig2b_CMSX4_5,850,479,754,54.7356,35.2644,0.5,0.36355,62.358,27.775,-0.673,0.272166,1,2.877371346,1123.15,0.890353025,2.680335513,0.577350416,0.816496477,130.367514,2.115169384,
Lukas et al,Fig2b_CMSX4_6,850,454,3008,54.7356,35.2644,0.5,0.36355,62.358,27.775,-0.673,0.272166,1,3.478277832,1123.15,0.890353025,2.657055853,0.577350416,0.816496477,123.563364,2.091889723,
Lukas et al,Fig2b_CMSX4_7,850,455,4137,54.7356,35.2644,0.5,0.36355,62.358,27.775,-0.673,0.272166,1,3.616685521,1123.15,0.890353025,2.658011397,0.577350416,0.816496477,123.83553,2.092845267,
leng et al,A,800,760,175,1.5,44.2,0.45,0.36334,64.982,23.772,-0.9,0.416986,0.999388469,2.243038049,1073.15,0.931836183,2.880813592,0.999657325,0.716910608,316.90936,2.500935066,
leng et al,B,800,760,125,7.8,40.4,0.45,0.36334,64.982,23.772,-0.9,0.443771,0.983374308,2.096910013,1073.15,0.931836183,2.880813592,0.99074784,0.761538308,337.26596,2.52797251,
leng et al,C,800,760,85,14.7,46.5,0.45,0.36334,64.982,23.772,-0.9,0.482763,0.997334096,1.929418926,1073.15,0.931836183,2.880813592,0.967267753,0.688354576,366.89988,2.56454757,
leng et al,D,1100,137,200,1.5,44.2,0.45,0.36611,54.119,39.056,-0.599,0.416986,0.999388469,2.301029996,1373.15,0.728252558,2.136720567,0.999657325,0.716910608,57.127082,1.756842041,
leng et al,E,1100,137,225,7.8,40.4,0.45,0.36611,54.119,39.056,-0.599,0.443771,0.983374308,2.352182518,1373.15,0.728252558,2.136720567,0.99074784,0.761538308,60.796627,1.783879485,
leng et al,F,1100,137,190,14.7,46.5,0.45,0.36611,54.119,39.056,-0.599,0.482763,0.997334096,2.278753601,1373.15,0.728252558,2.136720567,0.967267753,0.688354576,66.138531,1.820454545,
,,,,,,,,,,,,,,,,,,,,,,
,,,,,,,,,,,,,,,,,,,,,,
,,,,,,,,,,,,,,,,,,,,,,
,,,,,,,,,,,,,,,,,,,,,,
,,,,,,,,,,,,,,,,,,,,,,
,,,,,,,,,,,,,,,,,,,,,,
,,,,,,,,,,,,,,,,,,,,,,
,,,,,,,,,,,,,,,,,,,,,,
,,,,,,,,,,,,,,,,,,,,,,
,,,,,,,,,,,,,,,,,,,,,,
,,,,,,,,,,,,,,,,,,,,,,
,,,,,,,,,,,,,,,,,,,,,,
,,,,,,,,,,,,,,,,,,,,,,
,,,,,,,,,,,,,,,,,,,,,,
,,,,,,,,,,,,,,,,,,,,,,
,,,,,,,,,,,,,,,,,,,,,,
,,,,,,,,,,,,,,,,,,,,,,
,,,,,,,,,,,,,,,,,,,,,,
