paper_id,spec_no,T_C,stress_MPa,t_rupture_h,theta_from_001_deg,theta_from_011_deg,Gamma prime size,L,G,SFE,Misfit,Schmid1_110,MultislipPropensity_110
1988,CMSX2 1,1050,120,705,1.43,43.752,0.3,0.36476,56.167,42.244,-0.225,0.416961,0.999484364
1988,CMSX2 2,1050,120,468,3.858,41.698,0.3,0.36476,56.167,42.244,-0.225,0.430445,0.996273624
1988,CMSX2 3,1050,120,327,16.09,29.424,0.3,0.36476,56.167,42.244,-0.225,0.488234,0.973621255
1988,CMSX2 4,1050,120,536,38.83,6.17,0.3,0.36476,56.167,42.244,-0.225,0.447156,1
1988,CMSX2 5,1050,120,191,41.982,20.176,0.3,0.36476,56.167,42.244,-0.225,0.437188,0.851054924
1988,CMSX2 6,1050,120,286,47.064,20.343,0.3,0.36476,56.167,42.244,-0.225,0.410947,0.964630475
1988,CMSX2 7,1050,120,474,51.269,29.881,0.3,0.36476,56.167,42.244,-0.225,0.334074,0.977642678
1988,CMSX2 8,1050,120,682,52.168,32.413,0.3,0.36476,56.167,42.244,-0.225,0.308791,0.971443468
1988,CMSX2 9,1050,120,1055,1.635,43.605,0.45,0.36476,56.167,42.244,-0.225,0.417954,0.999298966
1988,CMSX2 10,1050,120,347,11.943,33.163,0.45,0.36476,56.167,42.244,-0.225,0.474645,0.991416743
1988,CMSX2 11,1050,120,505,14.94,31.252,0.45,0.36476,56.167,42.244,-0.225,0.482413,0.964387361
1988,CMSX2 12,1050,120,152,35.359,13.165,0.45,0.36476,56.167,42.244,-0.225,0.482572,0.866975291
1988,CMSX2 13,1050,120,205,37.077,19.08,0.45,0.36476,56.167,42.244,-0.225,0.464937,0.757487574
1988,CMSX2 14,1050,120,258,47.965,22.904,0.45,0.36476,56.167,42.244,-0.225,0.394915,0.965541952
1988,CMSX2 15,1050,120,382,45.578,26.865,0.45,0.36476,56.167,42.244,-0.225,0.382192,0.878809604
1988,CMSX2 16,1050,120,522,52.185,29.974,0.45,0.36476,56.167,42.244,-0.225,0.329552,0.998953124
1988,CMSX2 17,1050,120,290,44.126,6.762,0.45,0.36476,56.167,42.244,-0.225,0.438501,0.962513198
1988,CMSX2 18,1050,120,381,44.195,1.771,0.45,0.36476,56.167,42.244,-0.225,0.421213,0.972583942
1988,Alloy454 1,980,200,239,2.508,42.765,0.5,0.3648,57.456,30.992,-0.07,0.423609,0.998531665
1988,Alloy454 2,980,200,210,17.008,32.215,0.5,0.3648,57.456,30.992,-0.07,0.472104,0.930667819
1988,Alloy454 3,980,200,248,22.836,23.232,0.5,0.3648,57.456,30.992,-0.07,0.49939,0.945457458
1988,Alloy454 4,980,200,193,21.954,23.079,0.5,0.3648,57.456,30.992,-0.07,0.494884,0.990482618
1988,Alloy454 5,980,200,340,36.872,12.898,0.5,0.3648,57.456,30.992,-0.07,0.477458,0.842595579
1988,Alloy454 6,980,200,256,28.083,24.772,0.5,0.3648,57.456,30.992,-0.07,0.478181,0.83172899
1988,Alloy454 7,980,200,232,36.939,28.542,0.5,0.3648,57.456,30.992,-0.07,0.41152,0.939422142
1988,Alloy454 8,980,200,269,43.528,25.911,0.5,0.3648,57.456,30.992,-0.07,0.398483,0.844312053
1988,Alloy454 9,980,200,195,46.402,15.364,0.5,0.3648,57.456,30.992,-0.07,0.428149,0.983741641
1988,MXON 1,850,500,296,1.204,43.803,0.2,0.36314,62.087,28.574,-0.513,0.416613,0.999906388
1988,MXON 2,850,500,293,0.571,44.601,0.2,0.36314,62.087,28.574,-0.513,0.411108,0.999902702
1988,MXON 3,850,500,327,3.075,42.08,0.2,0.36314,62.087,28.574,-0.513,0.42813,0.99840469
1988,MXON 4,850,500,189,45.998,16.121,0.2,0.36314,62.087,28.574,-0.513,0.429051,0.968332436
1988,MXON 5,850,500,1396,51.082,31.713,0.2,0.36314,62.087,28.574,-0.513,0.319361,0.953704429
1988,MXON 6,850,500,900,52.529,33.441,0.2,0.36314,62.087,28.574,-0.513,0.29787,0.968395609
1988,MXON 7,850,500,390,1.58,44.473,0.36,0.36314,62.087,28.574,-0.513,0.418559,0.999519781
1988,MXON 8,850,500,382,1.217,43.811,0.36,0.36314,62.087,28.574,-0.513,0.416568,0.999817557
1988,MXON 9,850,500,459,2.37,43.155,0.36,0.36314,62.087,28.574,-0.513,0.420893,0.998389139
1988,MXON 10,850,500,369,4.449,41.611,0.36,0.36314,62.087,28.574,-0.513,0.430599,0.994424047
1988,MXON 11,850,500,411,5.151,39.991,0.36,0.36314,62.087,28.574,-0.513,0.441099,0.996762632
1988,MXON 12,850,500,65,37.288,19.599,0.36,0.36314,62.087,28.574,-0.513,0.462058,0.759512875
1988,MXON 13,850,500,26,47.001,17.634,0.36,0.36314,62.087,28.574,-0.513,0.420111,0.983537684
1988,MXON 14,850,500,144,49.203,24.168,0.36,0.36314,62.087,28.574,-0.513,0.382196,0.984466085
1988,MXON 15,850,500,119,51.563,31.566,0.36,0.36314,62.087,28.574,-0.513,0.318725,0.966497765
1988,MXON 16,850,500,166,53.295,33.698,0.36,0.36314,62.087,28.574,-0.513,0.292585,0.983683374
1988,Alloy454 10,760,758,218,1.553,43.687,0.5,0.36321,63.407,19.237,-0.208,0.417393,0.999355523
1988,Alloy454 11,760,758,363,3.585,41.56,0.5,0.36321,63.407,19.237,-0.208,0.431464,0.998057775
1988,Alloy454 12,760,758,398,11.08,36.865,0.5,0.36321,63.407,19.237,-0.208,0.454772,0.96765632
1988,Alloy454 13,760,758,350,18.057,33.885,0.5,0.36321,63.407,19.237,-0.208,0.456412,0.989726388
1988,Alloy454 14,760,758,26,10.186,35.804,0.5,0.36321,63.407,19.237,-0.208,0.463507,0.980149167
1988,Alloy454 15,760,758,377,15.665,30.033,0.5,0.36321,63.407,19.237,-0.208,0.486605,0.97045653
1988,Alloy454 16,760,758,323,26.887,18.324,0.5,0.36321,63.407,19.237,-0.208,0.495281,0.971519198
1988,Alloy454 17,760,758,25,36.925,10.608,0.5,0.36321,63.407,19.237,-0.208,0.475235,0.888425726
1988,Alloy454 18,760,758,19,37.444,19.919,0.5,0.36321,63.407,19.237,-0.208,0.460089,0.761187509
1988,Alloy454 19,760,758,906,22.127,27.458,0.5,0.36321,63.407,19.237,-0.208,0.485435,0.898210883
1988,Alloy454 20,760,758,71,30.789,28.894,0.5,0.36321,63.407,19.237,-0.208,0.439173,0.948284617
1988,Alloy454 21,760,758,36,39.423,29.142,0.5,0.36321,63.407,19.237,-0.208,0.394468,0.951980896
1988,Alloy454 22,760,758,30,46.568,21.545,0.5,0.36321,63.407,19.237,-0.208,0.408375,0.943378023
1988,Alloy454 23,760,758,27,53.7,34.211,0.5,0.36321,63.407,19.237,-0.208,0.286182,0.987427581
1988,CMSX2 19,760,750,412,0,45,0.23,0.36244,64.959,31.316,-0.375,0.408248,1
1988,CMSX2 20,760,750,230,3.424,41.868,0.23,0.36244,64.959,31.316,-0.375,0.429478,0.997550515
1988,CMSX2 21,760,750,1203,50.821,32.612,0.23,0.36244,64.959,31.316,-0.375,0.312267,0.948089295
1988,CMSX2 22,760,750,1012,52.396,31.741,0.23,0.36244,64.959,31.316,-0.375,0.3139,0.984415419
1988,CMSX2 23,760,750,459,52.869,32.116,0.3,0.36244,64.959,31.316,-0.375,0.308759,0.991650446
1988,CMSX2 24,760,750,518,48.632,30.288,0.3,0.36244,64.959,31.316,-0.375,0.341913,0.913282034
1988,CMSX2 25,760,750,347,48.487,28.195,0.3,0.36244,64.959,31.316,-0.375,0.359182,0.930057742
1988,CMSX2 26,760,750,15,41.427,19.92,0.3,0.36244,64.959,31.316,-0.375,0.440966,0.840912905
1988,CMSX2 27,760,750,50,48.361,20.755,0.3,0.36244,64.959,31.316,-0.375,0.402644,0.993686731
1988,CMSX2 28,760,750,4,40.357,11.106,0.3,0.36244,64.959,31.316,-0.375,0.462962,0.853229855
1988,CMSX2 29,760,750,19,29.956,22.14,0.3,0.36244,64.959,31.316,-0.375,0.483392,0.828151893
1988,CMSX2 30,760,750,343,11.118,35.836,0.3,0.36244,64.959,31.316,-0.375,0.461945,0.970977064
1988,CMSX2 31,760,750,430,9.904,35.24,0.3,0.36244,64.959,31.316,-0.375,0.466069,0.992123484
1988,CMSX2 32,760,750,569,2.872,42.532,0.3,0.36244,64.959,31.316,-0.375,0.425103,0.997911094
1988,CMSX2 33,760,750,780,13.149,31.852,0.3,0.36244,64.959,31.316,-0.375,0.477775,0.999053948
1988,CMSX2 34,760,750,3.5,38.379,6.622,0.3,0.36244,64.959,31.316,-0.375,0.450053,0.997882472
1988,CMSX2 35,760,750,3,44.087,4.11,0.3,0.36244,64.959,31.316,-0.375,0.431255,0.966996325
1988,CMSX2 36,760,750,1138,1.988,43.177,0.45,0.36244,64.959,31.316,-0.375,0.420877,0.999156523
1988,CMSX2 37,760,750,759,5.813,40.111,0.45,0.36244,64.959,31.316,-0.375,0.440021,0.99158222
1988,CMSX2 38,760,750,664,14.188,30.837,0.45,0.36244,64.959,31.316,-0.375,0.481789,0.994835914
1988,CMSX2 39,760,750,550,13.324,34.054,0.45,0.36244,64.959,31.316,-0.375,0.469364,0.959613434
1988,CMSX2 40,760,750,484,22.873,29.201,0.45,0.36244,64.959,31.316,-0.375,0.472135,0.895102036
1988,CMSX2 41,760,750,30,34.882,13.344,0.45,0.36244,64.959,31.316,-0.375,0.48403,0.873354957
1988,CMSX2 42,760,750,8,36.585,19.141,0.45,0.36244,64.959,31.316,-0.375,0.466967,0.751496358
1988,CMSX2 43,760,750,8,38.673,25.935,0.45,0.36244,64.959,31.316,-0.375,0.421864,0.832088066
1988,CMSX2 44,760,750,23,46.866,27.164,0.45,0.36244,64.959,31.316,-0.375,0.374081,0.903691981
1988,CMSX2 45,760,750,33,48.67,28.517,0.45,0.36244,64.959,31.316,-0.375,0.355935,0.931116636
1988,CMSX2 46,760,750,32,50.374,28.274,0.45,0.36244,64.959,31.316,-0.375,0.350272,0.972941029
1988,CMSX2 47,760,750,28,51.3,30.244,0.45,0.36244,64.959,31.316,-0.375,0.331,0.974513595
1988,CMSX2 48,760,750,36,53.108,32.54,0.45,0.36244,64.959,31.316,-0.375,0.304046,0.992609671
1988,CMSX2 49,760,750,21,45.039,17.963,0.45,0.36244,64.959,31.316,-0.375,0.429625,0.932785569
1988,CMSX2 50,760,750,15,42.781,8.525,0.45,0.36244,64.959,31.316,-0.375,0.449037,0.920672461
1988,CMSX2 51,760,750,9,43.78,6.004,0.45,0.36244,64.959,31.316,-0.375,0.438653,0.954387637
1988,CMSX2 52,760,750,44,44.093,2.147,0.45,0.36244,64.959,31.316,-0.375,0.423462,0.969140088
mackay,MARM 247 01,774,724,179,3,42,0.23,0.36237,65.455,28.681,-0.392,0.428467,1
mackay,B ,774,724,26,7,38.5,0.23,0.36237,65.455,28.681,-0.392,0.449715,0.9911922
mackay,C,774,724,21,10,36,0.23,0.36237,65.455,28.681,-0.392,0.462535,0.980572281
mackay,D,774,724,37,8,37.5,0.23,0.36237,65.455,28.681,-0.392,0.455178,0.989371191
mackay,E,774,724,20,28,17,0.3,0.36237,65.455,28.681,-0.392,0.487496,1
mackay,F,774,724,138,45,28,0.3,0.36237,65.455,28.681,-0.392,0.376596,0.857510436
mackay,G,774,724,1242,52.5,34.5,0.3,0.36237,65.455,28.681,-0.392,0.29369,0.979597535
mackay,H,774,724,1,39,7,0.3,0.36237,65.455,28.681,-0.392,0.45906,0.933989021
mackay,I,774,724,0.5,43,6.5,0.3,0.36237,65.455,28.681,-0.392,0.444032,0.931200904
mackay,J,774,724,14,8,39.5,0.3,0.36237,65.455,28.681,-0.392,0.441365,0.994294971
mackay,K,774,724,26,9.5,36,0.3,0.36237,65.455,28.681,-0.392,0.462839,0.986565523
mackay,L,774,724,41,5.5,40.5,0.3,0.36237,65.455,28.681,-0.392,0.437585,0.992118103
mackay,M,774,724,53,10.5,35,0.3,0.36237,65.455,28.681,-0.392,0.467578,0.984659244
mackay,N,774,724,53,5.5,41,0.3,0.36237,65.455,28.681,-0.392,0.433947,0.991427525
mackay,O,774,724,59,2,43.5,0.3,0.36237,65.455,28.681,-0.392,0.418574,0.998824581
mackay,P,774,724,74,4,42,0.3,0.36237,65.455,28.681,-0.392,0.428166,0.995429343
mackay,Q,774,724,80,5.5,41,0.3,0.36237,65.455,28.681,-0.392,0.433947,0.991427525
mackay,R,774,724,82,7.5,39,0.45,0.36237,65.455,28.681,-0.392,0.445864,0.985441749
mackay,S,774,724,90,4,41.5,0.45,0.36237,65.455,28.681,-0.392,0.431743,0.996189863
mackay,T,774,724,98,5,40,0.45,0.36237,65.455,28.681,-0.392,0.440593,1
mackay,U,774,724,109,1.5,43.5,0.45,0.36237,65.455,28.681,-0.392,0.418652,1
mackay,V,774,724,141,2,43,0.45,0.36237,65.455,28.681,-0.392,0.42199,1
1988,CMSX-4 01,760,750,1900,0,45,0.34,0.36289,64.865,23.096,-0.776,0.408248,1
1988,CMSX-4 02,760,750,1050,0,45,0.22,0.36289,64.865,23.096,-0.776,0.408248,1
1988,CMSX-4 03,760,750,120,54.74,35.26,0.54,0.36289,64.865,23.096,-0.776,0.272239,1
1988,CMSX-4 04,760,750,1000,54.74,35.26,0.34,0.36289,64.865,23.096,-0.776,0.272239,1
1988,CMSX-4 05,760,750,1800,54.74,35.26,0.22,0.36289,64.865,23.096,-0.776,0.272239,1
Gunturi et al.,CMSX-04 -6,750,750,118,34,27.237,0.45,0.36281,65.132,22.611,-0.788,0.435688,0.895569766
Gunturi et al.,CMSX-04 -7,750,720,110,47.9,23.22,0.45,0.36281,65.132,22.611,-0.788,0.393607,0.961268473
Gunturi et al.,CMSX-04 -8,750,675,40,42.2,15.574,0.45,0.36281,65.132,22.611,-0.788,0.450147,0.880163591
Gunturi et al.,CMSX-04 -9,750,750,5,42.2,15.574,0.45,0.36281,65.132,22.611,-0.788,0.450147,0.880163591
Gunturi et al.,CMSX-04 -10,750,720,5,41.3,4.443,0.45,0.36281,65.132,22.611,-0.788,0.442881,0.949679485
Gunturi et al. ,CMSX-04 -11,750,750,5,37.5,7.505,0.45,0.36281,65.132,22.611,-0.788,0.455212,0.995162693
G.M. Han et al.,A SRR99,760,790,456,3.85,41.78,0.45,0.36244,65.583,27.69,-0.608,0.429871,0.996143029
G.M. Han et al.,B ,760,790,449,5.85,40.53,0.45,0.36244,65.583,27.69,-0.608,0.436978,0.990567031
G.M. Han et al.,C ,760,790,435,9.43,35.31,0.45,0.36244,65.583,27.69,-0.608,0.4642,1
G.M. Han et al.,D,760,790,295,12.53,34.75,0.45,0.36244,65.583,27.69,-0.608,0.466454,0.963571971
G.M. Han et al.,E,760,790,329,15.79,31.23,0.45,0.36244,65.583,27.69,-0.608,0.481251,0.952166333
G.M. Han et al.,F,760,790,376,18.39,31.38,0.45,0.36244,65.583,27.69,-0.608,0.473454,0.919354362
G.M. Han et al.,G,760,790,326,21.36,25.36,0.45,0.36244,65.583,27.69,-0.608,0.496598,0.936246219
G.M. Han et al.,H,760,790,93,23.93,26.09,0.45,0.36244,65.583,27.69,-0.608,0.486782,0.883970648
G.M. Han et al.,I,760,790,118,25.73,27.82,0.45,0.36244,65.583,27.69,-0.608,0.469741,0.878224383
G.M. Han et al.,J,760,790,135,29.22,15.7,0.45,0.36244,65.583,27.69,-0.608,0.484831,1
G.M. Han et al.,K,760,790,4.7,43.4,2.41,0.45,0.36244,65.583,27.69,-0.608,0.42741,0.959357526
G.M. Han et al.,L,760,790,107,35.57,10.66,0.45,0.36244,65.583,27.69,-0.608,0.477439,0.922806893
G.M. Han et al.,M,760,790,3,45.87,13.53,0.45,0.36244,65.583,27.69,-0.608,0.433293,0.981061314
G.M. Han et al.,N,760,790,11.5,42.3,24.35,0.45,0.36244,65.583,27.69,-0.608,0.414358,0.830989145
G.M. Han et al.,O,760,790,4,45.97,31.43,0.45,0.36244,65.583,27.69,-0.608,0.343763,0.98658378
G.M. Han et al.,P,760,790,20,49.26,29.73,0.45,0.36244,65.583,27.69,-0.608,0.343806,0.932616068
G.M. Han et al.,Q,760,790,10,42.08,29.03,0.45,0.36244,65.583,27.69,-0.608,0.382405,0.924585191
G.M. Han et al.,A SRR99,1040,165,135,5.273,40.308,0.45,0.36462,56.896,40.472,-0.252,0.439109,0.993830689
G.M. Han et al.,B,1040,165,148,6.936,39.646,0.45,0.36462,56.896,40.472,-0.252,0.442002,0.987033995
G.M. Han et al.,C,1040,165,145,11.067,33.993,0.45,0.36462,56.896,40.472,-0.252,0.471042,0.994102437
G.M. Han et al.,D,1040,165,129,20.21,30.631,0.45,0.36462,56.896,40.472,-0.252,0.47238,0.909126127
G.M. Han et al.,E,1040,165,126,13.91,32.665,0.45,0.36462,56.896,40.472,-0.252,0.476651,0.963390405
G.M. Han et al.,F,1040,165,175,18.323,29.274,0.45,0.36462,56.896,40.472,-0.252,0.486308,0.935956225
G.M. Han et al.,G,1040,165,150,22.951,24.096,0.45,0.36462,56.896,40.472,-0.252,0.497714,0.925509429
G.M. Han et al.,H,1040,165,213,25.047,25.117,0.45,0.36462,56.896,40.472,-0.252,0.487873,0.876273128
G.M. Han et al.,I,1040,165,170,27.743,27.541,0.45,0.36462,56.896,40.472,-0.252,0.462929,0.884712342
G.M. Han et al.,J,1040,165,146,30.282,15.272,0.45,0.36462,56.896,40.472,-0.252,0.491704,0.950421392
G.M. Han et al.,K,1040,165,185,52.01,32.393,0.45,0.36462,56.896,40.472,-0.252,0.309586,0.967934597
G.M. Han et al.,L,1040,165,176,50.682,30.692,0.45,0.36462,56.896,40.472,-0.252,0.329826,0.955255195
G.M. Han et al.,M,1040,165,63,47.013,27.869,0.45,0.36462,56.896,40.472,-0.252,0.368275,0.900666621
G.M. Han et al.,N,1040,165,66,41.318,3.789,0.45,0.36462,56.896,40.472,-0.252,0.436644,0.981396744
G.M. Han et al.,O,1040,165,54,43.847,3.374,0.45,0.36462,56.896,40.472,-0.252,0.429865,0.960534121
G.M. Han et al.,P,1040,165,65,39.884,20.181,0.45,0.36462,56.896,40.472,-0.252,0.447415,0.807994815
G.M. Han et al.,Q,1040,165,91,46.477,19.174,0.45,0.36462,56.896,40.472,-0.252,0.418268,0.95911473
G.M. Han et al.,R,1040,165,143,32.566,17.848,0.45,0.36462,56.896,40.472,-0.252,0.487497,0.839270806
G.M. Han et al.,T,1040,165,131,44.149,1.16,0.45,0.36462,56.896,40.472,-0.252,0.417987,0.981427652
G.M. Han et al.,[001],1040,165,135,0,45,0.45,0.36462,56.896,40.472,-0.252,0.408248,1
G.M. Han et al.,[011],1040,165,131,45,0,0.45,0.36462,56.896,40.472,-0.252,0.408248,1
G.M. Han et al.,[111],1040,165,185,54.736,35.264,0.45,0.36462,56.896,40.472,-0.252,0.272172,1
Wang et al.,SC 1,900,445,234.5,0,45,0.45,0.36404,60.373,26.503,-0.748,0.408248,1
Wang et al.,SC 2,900,445,34.8,45,0,0.45,0.36404,60.373,26.503,-0.748,0.408248,1
Wang et al.,SC 3,900,445,127.1,54.736,35.264,0.45,0.36404,60.373,26.503,-0.748,0.272172,1
Wang et al.,SC 4,1100,100,395.7,0,45,0.45,0.36588,53.272,38.227,-0.493,0.408248,1
Wang et al.,SC 5,1100,100,116.3,45,0,0.45,0.36588,53.272,38.227,-0.493,0.408248,1
Wang et al.,SC 6,1100,100,522.6,54.736,35.264,0.45,0.36588,53.272,38.227,-0.493,0.272172,1
CMSX4_Table1_Lukas,I- CMSX-4,850,500,79.9,45,0,0.45,0.36355,62.358,27.775,-0.673,0.408248,1
CMSX4_Table1_Lukas,J,850,500,38.5,45,0,0.45,0.36355,62.358,27.775,-0.673,0.408248,1
CMSX4_Table1_Lukas,R,980,350,27.8,54.7356,35.2644,0.45,0.36434,59.283,33.255,-0.553,0.272166,1
rae_matan,K,750,750,260,5.2,40.2,0.45,0.36281,65.132,22.611,-0.788,0.439856,0.99478693
Lukas et al,Fig2a_CM186LC_1,850,501,65,45,0,0.4,0.36329,63.262,29.363,-0.715,0.408248,1
Lukas et al,Fig2a_CM186LC_2,850,401,568,45,0,0.4,0.36329,63.262,29.363,-0.715,0.408248,1
Lukas et al,Fig2a_CM186LC_3,850,349,1864,45,0,0.4,0.36329,63.262,29.363,-0.715,0.408248,1
Lukas et al,Fig2a_CMSX4_1,850,552,51,45,0,0.5,0.36355,62.358,27.775,-0.673,0.408248,1
Lukas et al,Fig2a_CMSX4_2,850,501,198,45,0,0.5,0.36355,62.358,27.775,-0.673,0.408248,1
Lukas et al,Fig2a_CMSX4_3,850,451,667,45,0,0.5,0.36355,62.358,27.775,-0.673,0.408248,1
Lukas et al,Fig2a_CMSX4_4,850,400,1636,45,0,0.5,0.36355,62.358,27.775,-0.673,0.408248,1
Lukas et al,Fig2a_CMSX4_5,850,379,2350,45,0,0.5,0.36355,62.358,27.775,-0.673,0.408248,1
Lukas et al,Fig2b_CM186LC_1,850,599,28,54.7356,35.2644,0.4,0.36329,63.262,29.363,-0.715,0.272166,1
Lukas et al,Fig2b_CM186LC_2,850,651,32,54.7356,35.2644,0.4,0.36329,63.262,29.363,-0.715,0.272166,1
Lukas et al,Fig2b_CM186LC_3,850,553,203,54.7356,35.2644,0.4,0.36329,63.262,29.363,-0.715,0.272166,1
Lukas et al,Fig2b_CM186LC_4,850,503,492,54.7356,35.2644,0.4,0.36329,63.262,29.363,-0.715,0.272166,1
Lukas et al,Fig2b_CM186LC_5,850,455,1140,54.7356,35.2644,0.4,0.36329,63.262,29.363,-0.715,0.272166,1
Lukas et al,Fig2b_CM186LC_6,850,405,3097,54.7356,35.2644,0.4,0.36329,63.262,29.363,-0.715,0.272166,1
Lukas et al,Fig2b_CMSX4_1,850,602,54,54.7356,35.2644,0.5,0.36355,62.358,27.775,-0.673,0.272166,1
Lukas et al,Fig2b_CMSX4_2,850,601,73,54.7356,35.2644,0.5,0.36355,62.358,27.775,-0.673,0.272166,1
Lukas et al,Fig2b_CMSX4_3,850,601,82,54.7356,35.2644,0.5,0.36355,62.358,27.775,-0.673,0.272166,1
Lukas et al,Fig2b_CMSX4_4,850,503,602,54.7356,35.2644,0.5,0.36355,62.358,27.775,-0.673,0.272166,1
Lukas et al,Fig2b_CMSX4_5,850,479,754,54.7356,35.2644,0.5,0.36355,62.358,27.775,-0.673,0.272166,1
Lukas et al,Fig2b_CMSX4_6,850,454,3008,54.7356,35.2644,0.5,0.36355,62.358,27.775,-0.673,0.272166,1
Lukas et al,Fig2b_CMSX4_7,850,455,4137,54.7356,35.2644,0.5,0.36355,62.358,27.775,-0.673,0.272166,1
leng et al- SX,A,800,760,175,1.5,44.2,0.45,0.36334,64.982,23.772,-0.9,0.416986,0.999388469
leng et al,B,800,760,125,7.8,40.4,0.45,0.36334,64.982,23.772,-0.9,0.443771,0.983374308
leng et al,C,800,760,85,14.7,30.3,0.45,0.36334,64.982,23.772,-0.9,0.482763,0.997334096
leng et al,D,1100,137,200,1.5,44.2,0.45,0.36611,54.119,39.056,-0.599,0.416986,0.999388469
leng et al,E,1100,137,225,7.8,40.4,0.45,0.36611,54.119,39.056,-0.599,0.443771,0.983374308
leng et al,F,1100,137,190,14.7,30.3,0.45,0.36611,54.119,39.056,-0.599,0.482763,0.997334096
